"ID";"NOM";"PRÉNOM";"EMAIL";"Course 5 km";"Course 10 km";"Course 21,1 km";"Marche 5 km";"Marche 10 km";"Marche 21,1 km"
"1528";"A*****";"S*****";"S***.a****@s***.f*";"";"";"course-21km/2250.png";"";"";""
"188";"A*****";"L*****";"l***.a****@s***.f*";"";"course-10km/1120.png";"course-21km/2045.png";"";"";""
"41";"A*****";"Y*****";"e***.y****@s***.f*";"course-5km/0019.png";"";"";"";"";""
"710";"A*****";"N*****";"n***.a****@s***.f*";"";"";"";"";"marche-10km/4053.png";"marche-21km/5024.png"
"1378";"A*****";"H*****";"h***.a****@r***.f*";"";"course-10km/1620.png";"";"";"";""
"695";"A*****";"Y*****";"y***.a****@r***.f*";"course-5km/0300.png";"";"";"";"";""
"657";"A*****";"L*****";"l***.a****@r***.f*";"course-5km/0288.png";"course-10km/1352.png";"";"";"";""
"520";"A*****";"A*****";"a***.a****@s***.f*";"course-5km/0231.png";"";"";"";"";""
"250";"A*****";"C*****";"c***.a****@s***.f*";"";"";"";"";"marche-10km/4009.png";""
"1376";"A*****";"C*****";"c***.a****@r***.f*";"";"";"";"";"marche-10km/4128.png";""
"908";"A*****";"E*****";"e***.a****@s***.f*";"";"course-10km/1466.png";"course-21km/2179.png";"";"";""
"241";"A*****";"D*****";"d***.a****@s***.f*";"course-5km/0118.png";"course-10km/1153.png";"course-21km/2060.png";"";"";""
"470";"A*****";"C*****";"c***.a****@s***.f*";"course-5km/0209.png";"course-10km/1268.png";"";"marche-5km/3056.png";"marche-10km/4033.png";"marche-21km/5018.png"
"1188";"A*****";"F*****";"f***.a****@r***.f*";"course-5km/0462.png";"";"";"";"";""
"914";"A*****";"J*****";"j***.a****@s***.f*";"";"course-10km/1468.png";"";"marche-5km/3121.png";"";""
"1317";"A*****";"R*****";"R***.a****@s***";"";"course-10km/1604.png";"";"";"";""
"292";"A*****";"L*****";"l***.a****@r***.f*";"course-5km/0141.png";"";"";"";"";""
"235";"A*****";"R*****";"r***.a****@s***.f*";"course-5km/0115.png";"course-10km/1149.png";"course-21km/2058.png";"marche-5km/3026.png";"";""
"1185";"A*****";"M*****";"m***.a****@s***.f*";"course-5km/0461.png";"";"";"";"";""
"1513";"A*****";"L*****";"l***.a****@s***.f*";"";"";"";"marche-5km/3311.png";"";""
"614";"A*****";"F*****";"f***.a****@s***.f*";"course-5km/0270.png";"course-10km/1331.png";"";"";"";""
"440";"A*****";"S*****";"s***.a****@s***.f*";"";"course-10km/1258.png";"";"";"";""
"1467";"A*****";"F*****";"f***.a****@s***.f*";"";"course-10km/1651.png";"";"";"";""
"740";"A*****";"F*****";"f***.a****@s***.f*";"";"";"";"marche-5km/3086.png";"";""
"242";"A*****";"J*****";"j***.a****@r***.f*";"course-5km/0119.png";"course-10km/1154.png";"";"";"";""
"523";"A*****";"M*****";"m***.a****@s***.f*";"";"";"";"";"marche-10km/4037.png";""
"1346";"A*****";"N*****";"n***.a****@s***.f*";"course-5km/0523.png";"";"";"";"";""
"299";"A*****";"Y*****";"y***.a****@r***.f*";"course-5km/0147.png";"";"";"";"";""
"713";"A*****";"L*****";"l***.a****@s***.f*";"";"course-10km/1376.png";"";"";"";""
"787";"A*****";"C*****";"c***.a****@r***.f*";"";"course-10km/1411.png";"";"";"";""
"677";"A*****";"V*****";"v***.a****@r***.f*";"course-5km/0296.png";"course-10km/1361.png";"";"";"";""
"336";"A*****";"B*****";"b***.a****@r***.f*";"";"course-10km/1204.png";"";"";"";""
"993";"A*****";"M*****";"m***.a****@r***.f*";"";"";"";"marche-5km/3142.png";"";""
"619";"A*****";"C*****";"c***.a****@r***.f*";"course-5km/0273.png";"";"";"";"";""
"786";"A*****";"P*****";"p***.a****@s***.f*";"";"";"";"";"marche-10km/4061.png";""
"306";"A*****";"M*****";"m***.a****@s***.f*";"";"course-10km/1193.png";"";"";"";""
"688";"A*****";"S*****";"S***.a****@s***.f*";"";"";"";"";"marche-10km/4050.png";""
"779";"A*****";"C*****";"C***.a****@s***.f*";"";"";"";"marche-5km/3095.png";"";""
"1342";"A*****";"E*****";"e***.a****@r***.f*";"";"";"";"marche-5km/3235.png";"";""
"928";"A*****";"L*****";"L***.a****@s***.f*";"";"";"";"";"";"marche-21km/5033.png"
"795";"A*****";"A*****";"a***.a****@s***.f*";"";"";"";"marche-5km/3103.png";"";""
"209";"A*****";"S*****";"s***.a****@r***.f*";"course-5km/0103.png";"";"";"";"";""
"935";"A*****";"A*****";"A***.a****@r***.f*";"";"";"course-21km/2185.png";"";"";""
"1325";"A*****";"C*****";"C***.a****@s***.f*";"";"";"";"marche-5km/3228.png";"";""
"818";"A*****";"P*****";"p***.a****@r***.f*";"";"";"";"marche-5km/3109.png";"";""
"297";"A*****";"O*****";"o***.a****@s***.f*";"course-5km/0145.png";"course-10km/1186.png";"course-21km/2072.png";"";"";""
"977";"A*****";"A*****";"a***.w****@r***.f*";"course-5km/0398.png";"course-10km/1486.png";"";"";"";""
"1093";"A*****";"F*****";"f***.a****@s***.f*";"course-5km/0425.png";"";"";"";"";""
"324";"A*****";"E*****";"e***.a****@s***.f*";"";"";"";"";"marche-10km/4017.png";""
"1192";"A*****";"A*****";"a***.a****@r***.f*";"";"course-10km/1574.png";"";"";"";""
"393";"A*****";"A*****";"a***.a****@s***.f*";"";"course-10km/1234.png";"course-21km/2097.png";"";"";""
"900";"A*****";"A*****";"a***.a****@s***.f*";"";"course-10km/1463.png";"";"";"";""
"303";"A*****";"H*****";"h***.a****@r***.f*";"";"";"course-21km/2074.png";"";"";""
"1451";"A*****";"H*****";"h***.a****@r***.f*";"";"";"";"marche-5km/3278.png";"";""
"660";"A*****";"J*****";"J***.a****@s***.f*";"course-5km/0291.png";"course-10km/1353.png";"";"";"";""
"1256";"A*****";"D*****";"d***.a****@s***.f*";"course-5km/0489.png";"";"";"";"";""
"130";"A*****";"C*****";"c***.a****@r***.f*";"course-5km/0065.png";"course-10km/1074.png";"";"marche-5km/3016.png";"marche-10km/4007.png";""
"72";"A*****";"A*****";"a***.a****@r***.f*";"course-5km/0032.png";"course-10km/1039.png";"";"";"";""
"1180";"A*****";"N*****";"n***.a****@s***.f*";"";"course-10km/1570.png";"";"";"";""
"13";"A*****";"J*****";"j***.a****@s***.f*";"course-5km/0007.png";"course-10km/1007.png";"course-21km/2005.png";"";"";""
"1033";"A*****";"P*****";"p***.a****@s***.f*";"course-5km/0410.png";"course-10km/1508.png";"course-21km/2197.png";"";"";""
"676";"A*****";"F*****";"f***.a****@s***.f*";"course-5km/0295.png";"";"";"";"";""
"846";"B*****";"B*****";"b***.b****@s***.f*";"course-5km/0354.png";"";"";"";"marche-10km/4066.png";""
"123";"B*****";"C*****";"c***.b****@s***.f*";"";"course-10km/1069.png";"";"";"";""
"504";"B*****";"C*****";"b***.c****@r***.f*";"course-5km/0225.png";"course-10km/1280.png";"";"marche-5km/3060.png";"marche-10km/4036.png";""
"737";"B*****";"D*****";"d***.b****@r***.f*";"";"course-10km/1392.png";"";"";"";""
"529";"B*****";"N*****";"n***.b****@r***.f*";"course-5km/0236.png";"course-10km/1291.png";"course-21km/2122.png";"";"";""
"1168";"B*****";"N*****";"n***.b****@s***.f*";"course-5km/0452.png";"course-10km/1562.png";"course-21km/2220.png";"";"";""
"1221";"B*****";"V*****";"v***.b****@r***.f*";"";"";"";"marche-5km/3189.png";"";""
"1258";"B*****";"F*****";"f***.b****@s***.f*";"course-5km/0490.png";"course-10km/1592.png";"course-21km/2230.png";"";"";""
"58";"B*****";"R*****";"r***.b****@s***.f*";"";"course-10km/1031.png";"";"";"";""
"1193";"B*****";"G*****";"g***.b****@s***.f*";"";"course-10km/1575.png";"";"";"";""
"1390";"B*****";"R*****";"r***.b****@s***.f*";"";"course-10km/1623.png";"";"";"";""
"1008";"B*****";"M*****";"m***.b****@s***.f*";"";"course-10km/1496.png";"";"";"";""
"185";"B*****";"C*****";"c***.b****@s***.f*";"";"course-10km/1118.png";"";"";"";""
"462";"B*****";"I*****";"i***.b****@s***.f*";"course-5km/0206.png";"course-10km/1266.png";"course-21km/2111.png";"";"";""
"152";"B*****";"I*****";"i***.m****@s***.f*";"";"course-10km/1091.png";"";"";"";""
"936";"B*****";"K*****";"K***.b****@s***.f*";"course-5km/0384.png";"";"";"marche-5km/3125.png";"marche-10km/4077.png";""
"739";"B*****";"L*****";"l***.b****@r***.f*";"";"";"";"";"marche-10km/4058.png";""
"69";"B*****";"V*****";"v***.b****@s***.f*";"course-5km/0029.png";"course-10km/1036.png";"course-21km/2019.png";"";"";""
"1431";"B*****";"C*****";"c***.c****@s***.f*";"";"";"";"marche-5km/3272.png";"";""
"636";"B*****";"C*****";"c***.b****@s***.f*";"";"course-10km/1342.png";"";"";"";""
"998";"B*****";"C*****";"c***.b****@s***.f*";"";"";"";"";"marche-10km/4088.png";""
"1189";"B*****";"T*****";"t***.b****@s***.f*";"";"course-10km/1573.png";"";"";"";""
"872";"B*****";"A*****";"a***.b****@s***.f*";"course-5km/0361.png";"";"";"marche-5km/3116.png";"";""
"443";"B*****";"F*****";"f***.b****@s***.f*";"";"";"";"";"";"marche-21km/5015.png"
"948";"B*****";"F*****";"f***.b****@r***.f*";"";"";"";"";"marche-10km/4080.png";""
"1152";"B*****";"A*****";"a***.b****@s***.f*";"";"";"";"";"";"marche-21km/5047.png"
"1468";"B*****";"A*****";"a***.b****@s***.f*";"";"";"";"marche-5km/3286.png";"";""
"690";"B*****";"D*****";"d***.b****@s***.f*";"";"course-10km/1365.png";"";"";"";""
"1313";"B*****";"A*****";"a***.b****@s***.f*";"course-5km/0511.png";"";"";"";"";""
"501";"B*****";"V*****";"v***.b****@s***.f*";"";"course-10km/1277.png";"course-21km/2118.png";"";"";""
"535";"B*****";"D*****";"d***.b****@s***.f*";"";"course-10km/1294.png";"";"";"";""
"1049";"B*****";"A*****";"a***.b****@s***.f*";"";"";"";"marche-5km/3155.png";"";""
"328";"B*****";"A*****";"a***.b****@s***.f*";"course-5km/0155.png";"";"";"";"";""
"1067";"B*****";"T*****";"t***.b****@r***.f*";"";"course-10km/1524.png";"";"";"";""
"419";"B*****";"N*****";"n***.b****@r***.f*";"";"course-10km/1248.png";"";"";"";""
"840";"B*****";"S*****";"s***.b****@s***.f*";"course-5km/0352.png";"course-10km/1434.png";"";"";"marche-10km/4065.png";""
"350";"B*****";"C*****";"c***.b****@s***.f*";"";"";"";"";"";"marche-21km/5012.png"
"923";"B*****";"J*****";"j***.b****@s***.f*";"";"course-10km/1472.png";"";"";"marche-10km/4074.png";""
"1442";"B*****";"L*****";"L***.b****@S***.f*";"course-5km/0555.png";"course-10km/1643.png";"course-21km/2245.png";"";"";""
"945";"B*****";"S*****";"s***.b****@s***.f*";"";"";"";"marche-5km/3127.png";"";""
"982";"B*****";"L*****";"l***.b****@r***.f*";"";"";"";"";"marche-10km/4082.png";""
"1356";"B*****";"O*****";"o***.b****@r***.f*";"";"";"";"marche-5km/3242.png";"";""
"1444";"B*****";"C*****";"c***.b****@s***.f*";"";"course-10km/1644.png";"";"";"";""
"1437";"B*****";"V*****";"v***.b****@s***.f*";"";"";"course-21km/2244.png";"";"";""
"971";"B*****";"L*****";"l***.b****@s***.f*";"course-5km/0394.png";"";"";"";"";""
"1489";"B*****";"S*****";"s***.b****@r***.f*";"";"";"";"marche-5km/3298.png";"";""
"1508";"B*****";"S*****";"s***.b****@r***.f*";"";"";"";"";"marche-10km/4139.png";""
"1388";"B*****";"G*****";"g***.b****@k***.c*";"course-5km/0543.png";"";"";"";"";""
"1048";"B*****";"A*****";"a***.b****@r***.f*";"";"";"course-21km/2201.png";"";"";""
"721";"B*****";"T*****";"t***.b****@s***.f*";"";"course-10km/1381.png";"";"";"";""
"31";"B*****";"A*****";"a***.b****@r***.f*";"course-5km/0014.png";"course-10km/1017.png";"course-21km/2009.png";"";"";""
"435";"B*****";"E*****";"e***.b****@s***.f*";"";"course-10km/1254.png";"";"";"";""
"287";"B*****";"S*****";"s***.b****@s***.f*";"";"course-10km/1180.png";"";"";"";""
"317";"B*****";"E*****";"e***.b****@r***.f*";"course-5km/0154.png";"course-10km/1199.png";"";"";"";""
"808";"B*****";"J*****";"j***.b****@r***.f*";"";"";"";"marche-5km/3108.png";"marche-10km/4064.png";""
"343";"B*****";"L*****";"l***.b****@s***.f*";"course-5km/0159.png";"";"";"";"";""
"704";"B*****";"D*****";"D***.b****@r***.f*";"course-5km/0304.png";"course-10km/1372.png";"";"";"";""
"1516";"B*****";"J*****";"j***.b****@r***.f*";"course-5km/0574.png";"course-10km/1665.png";"course-21km/2249.png";"";"marche-10km/4140.png";""
"1228";"B*****";"J*****";"J***.b****@s***.f*";"";"";"course-21km/2227.png";"";"";""
"288";"B*****";"S*****";"s***.b****@r***.f*";"course-5km/0140.png";"course-10km/1181.png";"course-21km/2070.png";"";"";""
"333";"B*****";"P*****";"p***.b****@r***.f*";"course-5km/0156.png";"";"";"";"";""
"1287";"B*****";"Y*****";"y***.b****@s***.f*";"";"";"";"marche-5km/3212.png";"";""
"220";"B*****";"C*****";"c***.b****@r***.f*";"course-5km/0108.png";"course-10km/1137.png";"course-21km/2055.png";"";"";""
"1421";"B*****";"J*****";"j***.b****@s***.f*";"";"course-10km/1633.png";"";"";"";""
"202";"B*****";"M*****";"m***.b****@r***.f*";"";"";"course-21km/2050.png";"";"";""
"1121";"B*****";"A*****";"a***.b****@s***.f*";"course-5km/0429.png";"course-10km/1545.png";"";"";"";""
"1129";"B*****";"P*****";"p***.b****@s***.f*";"";"";"";"";"marche-10km/4101.png";""
"195";"B*****";"A*****";"a***.b****@r***.f*";"course-5km/0094.png";"";"";"";"";""
"1271";"B*****";"R*****";"r***.b****@s***.f*";"course-5km/0495.png";"course-10km/1597.png";"course-21km/2233.png";"";"";""
"1519";"B*****";"R*****";"r***.b****@s***.f*";"";"course-10km/1666.png";"";"";"";""
"44";"B*****";"C*****";"c***.b****@s***.f*";"";"";"course-21km/2014.png";"";"";""
"1249";"B*****";"C*****";"c***.b****@s***.f*";"";"course-10km/1590.png";"";"";"";""
"830";"B*****";"J*****";"j***.b****@r***.f*";"course-5km/0347.png";"";"";"";"";""
"377";"B*****";"E*****";"e***@c***.s*";"";"course-10km/1224.png";"";"";"";""
"1486";"B*****";"N*****";"n***.b****@s***.f*";"";"course-10km/1657.png";"";"";"";""
"613";"B*****";"J*****";"j***.b****@r***.f*";"course-5km/0269.png";"";"";"";"";""
"339";"B*****";"C*****";"c***.b****@s***.f*";"";"course-10km/1206.png";"";"";"";""
"898";"B*****";"J*****";"j***.b****@s***.f*";"";"course-10km/1462.png";"course-21km/2178.png";"";"";"marche-21km/5031.png"
"497";"B*****";"D*****";"d***.b****@s***.f*";"course-5km/0220.png";"course-10km/1276.png";"";"";"";""
"954";"B*****";"J*****";"j***.b****@r***.f*";"course-5km/0390.png";"";"";"";"";""
"327";"B*****";"V*****";"v***.b****@r***.f*";"";"";"course-21km/2083.png";"";"";""
"418";"B*****";"L*****";"l***.b****@r***.f*";"";"";"course-21km/2102.png";"";"";""
"451";"B*****";"N*****";"n***.b****@s***.f*";"course-5km/0202.png";"course-10km/1263.png";"";"";"";""
"759";"B*****";"J*****";"j***.b****@s***.f*";"";"";"course-21km/2157.png";"";"";""
"1294";"B*****";"J*****";"j***.b****@r***.f*";"";"";"";"marche-5km/3216.png";"";""
"1202";"B*****";"R*****";"r***.b****@s***.f*";"";"course-10km/1577.png";"";"";"";""
"716";"B*****";"F*****";"f***.b****@s***.f*";"course-5km/0307.png";"course-10km/1378.png";"course-21km/2156.png";"";"";""
"1001";"B*****";"J*****";"e***.j****@r***.f*";"course-5km/0405.png";"course-10km/1494.png";"";"";"";""
"1182";"B*****";"L*****";"l***.b****@r***.f*";"course-5km/0459.png";"";"";"marche-5km/3179.png";"";""
"1446";"B*****";"N*****";"a***.c****@k***.c*";"";"";"";"marche-5km/3274.png";"";""
"552";"B*****";"I*****";"i***.b****@s***.f*";"";"";"";"marche-5km/3066.png";"marche-10km/4040.png";""
"1488";"B*****";"O*****";"o***.b****@r***.f*";"course-5km/0568.png";"course-10km/1658.png";"";"marche-5km/3297.png";"";""
"1457";"B*****";"J*****";"j***.b****@r***.f*";"";"course-10km/1647.png";"course-21km/2246.png";"";"";""
"905";"B*****";"A*****";"a***.b****@s***.f*";"course-5km/0371.png";"";"";"";"";""
"163";"B*****";"F*****";"f***.b****@s***.f*";"";"";"";"marche-5km/3019.png";"";""
"311";"B*****";"S*****";"s***.b****@s***.f*";"";"course-10km/1196.png";"course-21km/2078.png";"";"";""
"1204";"B*****";"A*****";"a***.b****@s***.f*";"";"";"";"";"";"marche-21km/5049.png"
"399";"B*****";"M*****";"M***.b****@s***.f*";"";"course-10km/1239.png";"";"";"";""
"1015";"B*****";"L*****";"l***.b****@s***.f*";"course-5km/0408.png";"course-10km/1500.png";"";"";"";""
"36";"B*****";"C*****";"C***.b****@s***.f*";"";"";"";"";"";"marche-21km/5003.png"
"1203";"B*****";"J*****";"j***.b****@r***.f*";"course-5km/0469.png";"";"";"";"";""
"66";"B*****";"M*****";"m***.b****@s***.f*";"";"";"course-21km/2018.png";"";"";""
"1491";"B*****";"F*****";"F***.b****@s***.f*";"";"";"";"marche-5km/3299.png";"";""
"1463";"B*****";"V*****";"v***.b****@r***.f*";"";"";"";"marche-5km/3284.png";"";""
"1357";"B*****";"B*****";"B***.b****@s***.f*";"";"";"";"marche-5km/3243.png";"";""
"1476";"B*****";"L*****";"l***.b****@r***.f*";"course-5km/0565.png";"";"";"";"";""
"83";"B*****";"M*****";"e***.m****@r***.f*";"";"";"course-21km/2022.png";"";"";""
"1080";"B*****";"T*****";"t***.b****@s***.f*";"course-5km/0423.png";"";"";"";"";""
"1166";"B*****";"C*****";"c***.b****@s***.f*";"";"";"";"marche-5km/3177.png";"marche-10km/4103.png";"marche-21km/5048.png"
"515";"B*****";"J*****";"J***.b****@s***.f*";"";"course-10km/1287.png";"";"";"";""
"272";"B*****";"M*****";"m***.b****@r***.f*";"course-5km/0131.png";"";"";"";"";""
"78";"B*****";"N*****";"n***.b****@s***.f*";"course-5km/0037.png";"course-10km/1043.png";"";"";"";""
"1264";"B*****";"C*****";"C***.b****@s***.f*";"";"";"course-21km/2231.png";"";"";""
"534";"B*****";"S*****";"s***.b****@s***.f*";"course-5km/0239.png";"";"";"";"";""
"1312";"B*****";"F*****";"F***.b****@s***.f*";"";"course-10km/1603.png";"";"";"";""
"1435";"B*****";"S*****";"s***.b****@s***.f*";"";"";"";"";"marche-10km/4133.png";""
"627";"B*****";"G*****";"g***.b****@s***.f*";"";"course-10km/1337.png";"";"";"";""
"536";"B*****";"S*****";"s***.b****@r***.f*";"";"course-10km/1295.png";"";"";"";""
"611";"B*****";"M*****";"m***.b****@s***.f*";"";"course-10km/1329.png";"";"";"";""
"719";"B*****";"D*****";"d***.f****@r***.f*";"";"";"";"marche-5km/3085.png";"marche-10km/4056.png";""
"760";"B*****";"A*****";"a***.b****@r***.f*";"course-5km/0325.png";"";"";"";"";""
"1326";"B*****";"S*****";"s***.b****@s***.f*";"course-5km/0514.png";"";"";"";"marche-10km/4118.png";""
"1062";"B*****";"E*****";"e***.b****@s***.f*";"";"course-10km/1520.png";"";"";"";""
"75";"B*****";"D*****";"d***@c***.s*";"course-5km/0035.png";"course-10km/1042.png";"";"";"";""
"733";"B*****";"J*****";"j***.b****@r***.f*";"";"course-10km/1390.png";"";"";"";""
"215";"B*****";"F*****";"f***.b****@r***.f*";"course-5km/0106.png";"course-10km/1134.png";"course-21km/2054.png";"";"";""
"878";"B*****";"M*****";"M***.b****@s***.f*";"";"course-10km/1448.png";"";"";"";""
"689";"B*****";"A*****";"a***.b****@s***.f*";"";"";"";"";"marche-10km/4051.png";""
"117";"B*****";"J*****";"j***.b****@s***.f*";"course-5km/0059.png";"";"";"";"";""
"769";"B*****";"D*****";"d***.b****@r***.f*";"";"";"course-21km/2159.png";"";"";""
"1354";"B*****";"N*****";"n***.b****@s***.f*";"course-5km/0528.png";"course-10km/1613.png";"course-21km/2237.png";"marche-5km/3241.png";"marche-10km/4123.png";""
"601";"B*****";"B*****";"b***.b****@s***.f*";"";"course-10km/1323.png";"";"";"";""
"1007";"B*****";"E*****";"e***.b****@s***.f*";"";"";"";"marche-5km/3146.png";"marche-10km/4089.png";""
"1347";"B*****";"R*****";"r***.b****@r***.f*";"course-5km/0524.png";"";"";"";"";""
"191";"B*****";"F*****";"F***.b****@r***.f*";"course-5km/0090.png";"course-10km/1123.png";"course-21km/2047.png";"";"";""
"1302";"B*****";"S*****";"s***.b****@s***.f*";"";"";"";"marche-5km/3221.png";"";""
"433";"B*****";"A*****";"a***.b****@s***.f*";"course-5km/0193.png";"";"";"";"";""
"644";"B*****";"E*****";"e***.b****@s***.f*";"";"course-10km/1344.png";"";"";"";""
"65";"B*****";"P*****";"p***.b****@s***.f*";"";"course-10km/1034.png";"";"";"";""
"476";"B*****";"J*****";"j***.b****@s***.f*";"course-5km/0212.png";"";"";"";"";""
"1031";"B*****";"C*****";"c***.b****@s***.f*";"";"";"";"marche-5km/3150.png";"marche-10km/4090.png";""
"1034";"B*****";"S*****";"s***.b****@s***.f*";"";"";"";"marche-5km/3151.png";"marche-10km/4091.png";""
"9";"B*****";"F*****";"f***.b****@s***.f*";"";"";"course-21km/2004.png";"";"";""
"997";"B*****";"A*****";"a***.b****@r***.f*";"";"";"";"marche-5km/3143.png";"marche-10km/4087.png";""
"1514";"B*****";"C*****";"c***.b****@r***.f*";"";"course-10km/1664.png";"";"";"";""
"1083";"B*****";"A*****";"a***.b****@r***.f*";"";"";"";"";"marche-10km/4096.png";""
"19";"B*****";"F*****";"f***.b****@s***.f*";"";"course-10km/1010.png";"";"marche-5km/3002.png";"";""
"943";"B*****";"S*****";"s***.b****@s***.f*";"";"";"";"marche-5km/3126.png";"";""
"1177";"B*****";"C*****";"c***.b****@r***.f*";"";"course-10km/1568.png";"";"";"";""
"912";"B*****";"V*****";"v***.b****@s***.f*";"course-5km/0375.png";"";"";"";"";""
"444";"B*****";"P*****";"p***.b****@s***.f*";"";"course-10km/1260.png";"";"";"";""
"1509";"B*****";"L*****";"l***.b****@r***.f*";"";"";"";"marche-5km/3309.png";"";""
"156";"B*****";"S*****";"s***.b****@s***.f*";"course-5km/0073.png";"course-10km/1094.png";"course-21km/2039.png";"";"";""
"533";"B*****";"J*****";"J***.b****@s***.f*";"";"course-10km/1293.png";"";"";"";""
"475";"B*****";"A*****";"a***.b****@s***.f*";"";"";"";"marche-5km/3057.png";"";""
"295";"B*****";"C*****";"C***.b****@s***.f*";"course-5km/0143.png";"";"";"";"";""
"494";"B*****";"T*****";"t***.b****@s***.f*";"course-5km/0219.png";"course-10km/1274.png";"";"";"";""
"1232";"C*****";"V*****";"V***.c****@s***.f*";"course-5km/0482.png";"course-10km/1584.png";"";"";"";""
"834";"C*****";"S*****";"s***.c****@s***.f*";"";"course-10km/1431.png";"course-21km/2170.png";"";"";""
"1362";"C*****";"A*****";"a***.c****@r***.f*";"";"";"";"";"marche-10km/4124.png";""
"929";"C*****";"S*****";"S***.c****@s***.f*";"course-5km/0380.png";"course-10km/1476.png";"course-21km/2183.png";"marche-5km/3123.png";"marche-10km/4075.png";"marche-21km/5034.png"
"1046";"C*****";"A*****";"a***.c****@k***.c*";"";"course-10km/1513.png";"";"";"";""
"1454";"C*****";"M*****";"m***.c****@r***.f*";"";"course-10km/1646.png";"";"";"";""
"944";"C*****";"F*****";"f***.c****@r***.f*";"";"course-10km/1481.png";"";"";"";""
"1115";"C*****";"A*****";"A***.c****@r***.f*";"";"course-10km/1541.png";"";"";"";""
"316";"C*****";"A*****";"a***.c****@r***.f*";"";"";"";"";"marche-10km/4015.png";""
"1116";"C*****";"S*****";"s***.c****@s***.f*";"";"course-10km/1542.png";"";"";"";""
"1119";"C*****";"S*****";"s***.c****@k***.c*";"";"";"";"marche-5km/3169.png";"";""
"203";"C*****";"D*****";"d***.c****@r***.f*";"course-5km/0097.png";"";"";"";"";""
"1534";"C*****";"M*****";"m***.c****@s***.f*";"course-5km/0577.png";"";"";"";"";""
"342";"C*****";"S*****";"S***.c****@s***.f*";"";"";"course-21km/2086.png";"";"";""
"107";"C*****";"D*****";"d***.c****@s***.f*";"";"";"course-21km/2028.png";"";"";""
"788";"C*****";"A*****";"a***.c****@s***.f*";"";"course-10km/1412.png";"";"";"";""
"171";"C*****";"G*****";"g***.c****@r***.f*";"course-5km/0081.png";"course-10km/1105.png";"";"";"";""
"1351";"C*****";"S*****";"S***.c****@s***.f*";"course-5km/0527.png";"course-10km/1612.png";"";"";"";""
"748";"C*****";"C*****";"c***.c****@r***.f*";"";"course-10km/1397.png";"";"";"";""
"1050";"C*****";"P*****";"p***.c****@s***.f*";"";"course-10km/1515.png";"course-21km/2202.png";"";"";""
"705";"C*****";"C*****";"C***.c****@r***.f*";"";"course-10km/1373.png";"course-21km/2154.png";"";"";""
"1481";"C*****";"E*****";"e***.c****@r***.f*";"";"";"";"marche-5km/3292.png";"";""
"1289";"C*****";"C*****";"c***.c****@r***.f*";"";"";"";"marche-5km/3214.png";"";""
"421";"C*****";"D*****";"d***.c****@r***.f*";"course-5km/0189.png";"course-10km/1250.png";"course-21km/2103.png";"";"";""
"459";"C*****";"F*****";"f***.c****@s***.f*";"course-5km/0204.png";"course-10km/1265.png";"";"";"marche-10km/4030.png";"marche-21km/5017.png"
"638";"C*****";"C*****";"c***.c****@s***.f*";"course-5km/0282.png";"course-10km/1343.png";"";"";"";""
"1096";"C*****";"B*****";"b***.c****@s***.f*";"";"";"course-21km/2205.png";"";"";""
"863";"C*****";"N*****";"n***.c****@s***.f*";"";"";"";"marche-5km/3113.png";"marche-10km/4068.png";"marche-21km/5029.png"
"744";"C*****";"E*****";"e***.c****@s***.f*";"";"course-10km/1393.png";"";"";"";""
"857";"C*****";"H*****";"h***.c****@r***.f*";"course-5km/0358.png";"course-10km/1440.png";"";"";"";""
"981";"C*****";"S*****";"s***.c****@r***.f*";"";"";"";"marche-5km/3138.png";"";""
"1220";"C*****";"N*****";"n***.c****@s***.f*";"";"";"course-21km/2223.png";"";"";""
"848";"C*****";"M*****";"m***.c****@s***.f*";"course-5km/0355.png";"";"";"";"";""
"686";"C*****";"J*****";"j***.c****@s***.f*";"";"course-10km/1363.png";"";"";"";""
"629";"C*****";"C*****";"C***.c****@r***.f*";"course-5km/0279.png";"course-10km/1339.png";"course-21km/2143.png";"";"";""
"1154";"C*****";"L*****";"l***.g****@r***.f*";"course-5km/0445.png";"";"";"";"";""
"1400";"C*****";"C*****";"c***.c****@s***.f*";"";"";"";"marche-5km/3259.png";"";""
"538";"C*****";"C*****";"C***.c****@s***.f*";"";"";"";"marche-5km/3063.png";"";""
"809";"C*****";"S*****";"s***.c****@s***.f*";"course-5km/0339.png";"";"";"";"";""
"722";"C*****";"B*****";"b***.c****@r***.f*";"";"";"";"";"marche-10km/4057.png";""
"990";"C*****";"M*****";"m***.c****@r***.f*";"course-5km/0401.png";"";"";"";"marche-10km/4086.png";""
"394";"C*****";"M*****";"m***.c****@s***.f*";"course-5km/0179.png";"course-10km/1235.png";"";"marche-5km/3045.png";"marche-10km/4020.png";"marche-21km/5013.png"
"1172";"C*****";"M*****";"m***.c****@s***.f*";"";"course-10km/1565.png";"";"";"";""
"856";"C*****";"B*****";"b***.c****@s***.f*";"";"course-10km/1439.png";"";"";"";""
"1345";"C*****";"L*****";"l***.c****@s***.f*";"";"course-10km/1610.png";"";"marche-5km/3236.png";"";""
"95";"C*****";"R*****";"r***.c****@r***.f*";"";"course-10km/1053.png";"";"";"";""
"1017";"C*****";"C*****";"c***.b****@k***.c*";"";"course-10km/1501.png";"";"";"";""
"246";"C*****";"J*****";"j***.c****@s***.f*";"";"course-10km/1156.png";"";"";"";""
"616";"C*****";"E*****";"e***.c****@r***.f*";"";"course-10km/1332.png";"";"";"";""
"1449";"C*****";"N*****";"n***.c****@s***.f*";"";"";"";"marche-5km/3276.png";"";""
"1392";"C*****";"Y*****";"y***.c****@s***.f*";"";"";"";"marche-5km/3256.png";"";""
"131";"C*****";"C*****";"c***.c****@s***.f*";"";"";"course-21km/2033.png";"";"";""
"1281";"C*****";"C*****";"c***.c****@s***.f*";"";"";"";"marche-5km/3210.png";"";""
"548";"C*****";"L*****";"l***.c****@r***.f*";"course-5km/0244.png";"course-10km/1300.png";"";"";"";""
"77";"C*****";"M*****";"m***.c****@s***.f*";"course-5km/0036.png";"";"";"";"";""
"1355";"C*****";"V*****";"v***.c****@s***.f*";"course-5km/0529.png";"";"";"";"";""
"113";"C*****";"S*****";"s***.c****@s***.f*";"course-5km/0057.png";"";"";"";"";""
"447";"C*****";"L*****";"l***.c****@s***.f*";"";"";"";"";"marche-10km/4027.png";""
"947";"C*****";"H*****";"h***.c****@s***.f*";"";"";"course-21km/2187.png";"";"";""
"957";"C*****";"E*****";"e***.c****@r***.f*";"";"";"";"marche-5km/3130.png";"";""
"1110";"C*****";"Y*****";"y***.c****@s***.f*";"";"course-10km/1537.png";"";"";"";""
"1205";"C*****";"C*****";"c***.c****@s***.f*";"course-5km/0470.png";"";"";"";"";""
"1241";"C*****";"M*****";"m***.c****@s***.f*";"";"";"";"marche-5km/3194.png";"";""
"868";"C*****";"F*****";"f***.c****@s***.f*";"";"course-10km/1444.png";"";"";"";""
"658";"C*****";"A*****";"a***.c****@s***.f*";"course-5km/0289.png";"";"";"";"marche-10km/4049.png";""
"1324";"C*****";"L*****";"l***.c****@s***.f*";"";"";"";"marche-5km/3227.png";"";""
"1321";"C*****";"F*****";"F***.c****@s***.f*";"course-5km/0513.png";"course-10km/1605.png";"";"marche-5km/3226.png";"marche-10km/4117.png";""
"370";"C*****";"J*****";"j***.c****@s***.f*";"course-5km/0167.png";"course-10km/1219.png";"course-21km/2093.png";"";"";""
"902";"C*****";"B*****";"b***.c****@s***.f*";"course-5km/0369.png";"course-10km/1464.png";"";"";"";""
"1475";"C*****";"J*****";"j***.c****@r***.f*";"";"course-10km/1654.png";"";"";"";""
"702";"C*****";"A*****";"a***.c****@s***.f*";"course-5km/0302.png";"";"";"";"";""
"99";"C*****";"G*****";"g***.c****@s***.f*";"";"";"course-21km/2025.png";"";"";""
"1484";"C*****";"A*****";"a***.c****@r***.f*";"";"";"";"marche-5km/3295.png";"";""
"895";"C*****";"A*****";"a***.c****@s***.f*";"";"course-10km/1459.png";"";"";"";""
"894";"C*****";"Y*****";"y***.c****@s***.f*";"";"course-10km/1458.png";"";"";"";""
"1531";"C*****";"J*****";"j***.c****@s***.f*";"";"";"";"marche-5km/3324.png";"";""
"1350";"C*****";"F*****";"f***.c****@s***.f*";"course-5km/0526.png";"course-10km/1611.png";"";"marche-5km/3239.png";"marche-10km/4121.png";""
"1279";"C*****";"C*****";"C***.c****@r***.f*";"";"";"";"marche-5km/3208.png";"";""
"1100";"C*****";"A*****";"a***.c****@s***.f*";"";"";"";"marche-5km/3167.png";"";""
"735";"C*****";"J*****";"J***.c****@s***.f*";"course-5km/0318.png";"course-10km/1391.png";"";"";"";""
"931";"C*****";"L*****";"l***.c****@s***.f*";"course-5km/0381.png";"";"";"";"";""
"1323";"C*****";"V*****";"v***.c****@s***.f*";"";"course-10km/1606.png";"";"";"";""
"1272";"C*****";"M*****";"m***.c****@r***.f*";"";"";"";"marche-5km/3202.png";"";""
"696";"C*****";"J*****";"j***.c****@s***.f*";"";"";"course-21km/2152.png";"";"";""
"1112";"C*****";"E*****";"e***.c****@s***.f*";"";"";"";"marche-5km/3168.png";"";""
"1246";"C*****";"A*****";"a***.c****@k***.c*";"";"";"";"marche-5km/3196.png";"";""
"1336";"C*****";"E*****";"e***.c****@k***.c*";"";"";"";"marche-5km/3232.png";"";""
"1404";"C*****";"M*****";"m***.c****@s***.f*";"";"";"";"marche-5km/3261.png";"";""
"747";"C*****";"F*****";"f***.c****@s***.f*";"";"course-10km/1396.png";"";"";"";""
"144";"C*****";"J*****";"j***.c****@s***.f*";"";"course-10km/1085.png";"";"";"";""
"499";"C*****";"T*****";"t***.c****@s***.f*";"course-5km/0222.png";"";"";"";"";""
"932";"C*****";"V*****";"v***.c****@r***.f*";"course-5km/0382.png";"";"";"";"";""
"887";"C*****";"A*****";"a***.c****@s***.f*";"";"course-10km/1453.png";"";"";"";""
"1056";"C*****";"A*****";"a***.c****@s***.f*";"course-5km/0414.png";"";"";"";"";""
"624";"C*****";"Y*****";"y***.c****@s***.f*";"course-5km/0276.png";"";"";"";"";""
"320";"C*****";"M*****";"m***.c****@s***.f*";"";"";"";"marche-5km/3041.png";"marche-10km/4016.png";""
"805";"C*****";"C*****";"c***.c****@s***.f*";"";"";"";"marche-5km/3105.png";"";""
"732";"C*****";"L*****";"l***.c****@s***.f*";"course-5km/0316.png";"course-10km/1389.png";"";"";"";""
"89";"C*****";"S*****";"s***.c****@s***.f*";"course-5km/0042.png";"";"";"marche-5km/3008.png";"";""
"27";"C*****";"A*****";"a***.c****@s***.f*";"";"course-10km/1015.png";"";"";"";""
"1527";"C*****";"S*****";"s***.c****@s***.f*";"course-5km/0575.png";"";"";"";"";""
"457";"C*****";"S*****";"s***.c****@s***.f*";"";"course-10km/1264.png";"";"";"";""
"1512";"C*****";"E*****";"e***.c****@r***.f*";"course-5km/0573.png";"";"";"";"";""
"1297";"C*****";"R*****";"r***.c****@s***.f*";"";"course-10km/1601.png";"";"";"";""
"723";"C*****";"T*****";"t***.c****@s***.f*";"";"course-10km/1382.png";"";"";"";""
"1503";"C*****";"C*****";"C***.c****@s***.f*";"";"";"";"marche-5km/3305.png";"";""
"951";"C*****";"J*****";"j***.c****@r***.f*";"";"course-10km/1483.png";"";"";"";""
"1440";"D*****";"Y*****";"y***.d****@r***.f*";"";"course-10km/1641.png";"";"marche-5km/3273.png";"";""
"839";"D*****";"T*****";"t***.d****@s***.f*";"course-5km/0351.png";"course-10km/1433.png";"";"";"";""
"105";"D*****";"B*****";"b***.d****@r***.f*";"course-5km/0051.png";"course-10km/1059.png";"";"";"";""
"590";"D*****";"C*****";"c***.d****@r***.f*";"";"course-10km/1319.png";"";"";"";""
"398";"D*****";"F*****";"f***.d****@r***.f*";"";"course-10km/1238.png";"";"";"";""
"5";"D*****";"L*****";"L***.d****@s***.f*";"course-5km/0002.png";"course-10km/1003.png";"course-21km/2002.png";"";"";""
"1111";"D*****";"A*****";"A***.d****@s***.f*";"";"course-10km/1538.png";"";"";"";""
"956";"D*****";"K*****";"k***.d****@s***.f*";"";"";"";"marche-5km/3129.png";"";""
"193";"D*****";"M*****";"m***.d****@k***.c*";"course-5km/0092.png";"";"";"";"";""
"1375";"D*****";"M*****";"m***.d****@k***.c*";"";"";"";"marche-5km/3251.png";"";""
"137";"D*****";"F*****";"f***.d****@r***.f*";"course-5km/0068.png";"course-10km/1078.png";"";"";"";""
"415";"D*****";"C*****";"c***.d****@s***.f*";"course-5km/0186.png";"";"";"";"";""
"652";"D*****";"A*****";"a***.d****@s***.f*";"";"course-10km/1349.png";"";"";"";""
"827";"D*****";"D*****";"d***.d****@r***.f*";"course-5km/0346.png";"course-10km/1429.png";"";"";"";""
"557";"D*****";"R*****";"r***.d****@s***.f*";"course-5km/0247.png";"";"";"marche-5km/3069.png";"marche-10km/4042.png";""
"609";"D*****";"I*****";"i***.d****@s***.f*";"course-5km/0267.png";"course-10km/1327.png";"";"";"";""
"1406";"D*****";"R*****";"r***.d****@s***.f*";"";"";"course-21km/2240.png";"";"";""
"1254";"D*****";"S*****";"s***.d****@s***.f*";"";"";"";"";"marche-10km/4110.png";""
"752";"D*****";"M*****";"m***.p****@r***.f*";"course-5km/0323.png";"course-10km/1400.png";"";"";"";""
"190";"D*****";"F*****";"f***.d****@r***.f*";"course-5km/0089.png";"course-10km/1122.png";"course-21km/2046.png";"";"";""
"547";"D*****";"L*****";"l***.d****@s***.f*";"course-5km/0243.png";"";"";"";"";""
"1054";"D*****";"S*****";"s***.d****@s***.f*";"";"";"";"";"marche-10km/4094.png";""
"141";"D*****";"M*****";"m***.r****@s***.f*";"";"course-10km/1082.png";"";"";"";""
"1358";"D*****";"C*****";"c***.d****@s***.f*";"";"course-10km/1614.png";"";"";"";""
"1434";"D*****";"S*****";"s***.d****@s***.f*";"";"course-10km/1637.png";"";"";"";""
"1044";"D*****";"D*****";"d***.d****@r***.f*";"";"";"course-21km/2200.png";"";"";""
"576";"D*****";"T*****";"t***.d****@r***.f*";"course-5km/0257.png";"course-10km/1311.png";"course-21km/2132.png";"";"";""
"792";"D*****";"R*****";"r***.d****@s***.f*";"";"";"";"marche-5km/3101.png";"";""
"930";"D*****";"M*****";"m***.d****@s***.f*";"";"";"course-21km/2184.png";"";"";""
"133";"D*****";"M*****";"m***.d****@r***.f*";"course-5km/0067.png";"course-10km/1075.png";"";"";"";""
"1349";"D*****";"C*****";"c***.d****@r***.f*";"course-5km/0525.png";"";"";"marche-5km/3238.png";"";""
"381";"D*****";"E*****";"E***@c***.s*";"";"course-10km/1227.png";"";"";"";""
"139";"D*****";"A*****";"A***.d****@r***.f*";"course-5km/0070.png";"course-10km/1080.png";"";"";"";""
"532";"D*****";"D*****";"d***.d****@s***.f*";"course-5km/0238.png";"course-10km/1292.png";"";"";"";"marche-21km/5020.png"
"567";"D*****";"B*****";"b***.d****@s***.f*";"";"";"course-21km/2128.png";"";"";""
"1106";"D*****";"B*****";"b***.d****@s***.f*";"";"course-10km/1535.png";"";"";"";""
"1072";"D*****";"C*****";"c***.d****@s***.f*";"";"";"";"marche-5km/3159.png";"marche-10km/4095.png";""
"146";"D*****";"Q*****";"q***.d****@r***.f*";"";"";"course-21km/2037.png";"";"";""
"1052";"D*****";"L*****";"l***.d****@k***.c*";"";"course-10km/1517.png";"";"";"";""
"1380";"D*****";"L*****";"l***.d****@k***.c*";"course-5km/0538.png";"";"";"";"";""
"102";"D*****";"R*****";"R***.d****@r***.f*";"course-5km/0048.png";"";"";"";"marche-10km/4005.png";""
"1103";"D*****";"S*****";"s***.d****@s***.f*";"";"";"course-21km/2208.png";"";"";""
"1160";"D*****";"S*****";"s***.d****@s***.f*";"";"";"";"";"marche-10km/4102.png";""
"233";"D*****";"T*****";"t***.d****@s***.f*";"course-5km/0114.png";"course-10km/1147.png";"course-21km/2057.png";"";"";""
"718";"D*****";"P*****";"p***.d****@s***.f*";"course-5km/0308.png";"";"";"";"";""
"1370";"D*****";"M*****";"m***.d****@r***.f*";"";"";"";"";"marche-10km/4127.png";""
"679";"D*****";"D*****";"d***.d****@s***.f*";"course-5km/0297.png";"";"";"";"";""
"870";"D*****";"M*****";"m***.d****@s***.f*";"";"";"";"marche-5km/3114.png";"";""
"408";"D*****";"P*****";"p***.d****@s***.f*";"";"course-10km/1243.png";"course-21km/2099.png";"";"";""
"519";"D*****";"L*****";"l***.d****@s***.f*";"course-5km/0230.png";"";"";"";"";""
"201";"D*****";"C*****";"C***.d****@s***.f*";"course-5km/0096.png";"course-10km/1129.png";"";"";"";""
"1511";"D*****";"J*****";"j***.d****@s***.f*";"";"course-10km/1663.png";"";"";"";""
"558";"D*****";"L*****";"l***.d****@s***.f*";"course-5km/0248.png";"";"";"";"";""
"1076";"D*****";"J*****";"j***.d****@s***.f*";"course-5km/0420.png";"course-10km/1526.png";"";"";"";""
"1055";"D*****";"M*****";"m***.d****@r***.f*";"";"";"";"marche-5km/3156.png";"";""
"234";"D*****";"L*****";"l***.d****@r***.f*";"";"course-10km/1148.png";"";"";"";""
"266";"D*****";"D*****";"d***.d****@r***.f*";"";"";"course-21km/2064.png";"";"";""
"45";"D*****";"P*****";"P***.d****@s***.f*";"";"course-10km/1024.png";"";"";"";""
"843";"D*****";"G*****";"g***.d****@s***.f*";"";"";"";"marche-5km/3112.png";"";""
"807";"D*****";"M*****";"m***.d****@r***.f*";"";"";"";"marche-5km/3107.png";"";""
"1361";"D*****";"D*****";"d***.d****@s***.f*";"course-5km/0530.png";"";"";"";"";""
"646";"D*****";"E*****";"e***.d****@s***.f*";"course-5km/0285.png";"course-10km/1345.png";"course-21km/2146.png";"marche-5km/3079.png";"marche-10km/4047.png";"marche-21km/5023.png"
"632";"D*****";"A*****";"a***.d****@s***.f*";"";"";"";"marche-5km/3074.png";"";""
"961";"D*****";"X*****";"x***.d****@s***.f*";"";"";"";"marche-5km/3132.png";"";""
"290";"D*****";"M*****";"m***.d****@r***.f*";"";"course-10km/1182.png";"";"";"";""
"436";"D*****";"H*****";"h***.l****@s***.f*";"";"course-10km/1255.png";"";"";"marche-10km/4026.png";""
"356";"D*****";"D*****";"d***.d****@s***.f*";"course-5km/0162.png";"course-10km/1212.png";"course-21km/2087.png";"";"";""
"1430";"D*****";"D*****";"d***.d****@s***.f*";"";"";"";"marche-5km/3271.png";"";""
"35";"D*****";"K*****";"K***.d****@s***.f*";"";"";"";"marche-5km/3003.png";"";""
"98";"D*****";"R*****";"r***.d****@s***.f*";"";"course-10km/1055.png";"";"marche-5km/3009.png";"";""
"1178";"D*****";"D*****";"m***.d****@s***.f*";"course-5km/0456.png";"";"";"";"";""
"145";"D*****";"C*****";"c***.d****@s***.f*";"";"course-10km/1086.png";"";"";"";""
"599";"D*****";"F*****";"f***.d****@s***.f*";"course-5km/0262.png";"course-10km/1321.png";"";"";"";""
"84";"D*****";"R*****";"R***.D****@r***.f*";"course-5km/0040.png";"";"course-21km/2023.png";"";"";""
"155";"D*****";"C*****";"c***.d****@s***.f*";"course-5km/0072.png";"course-10km/1093.png";"";"";"";""
"28";"D*****";"F*****";"f***.d****@s***.f*";"course-5km/0013.png";"";"";"";"";""
"996";"D*****";"P*****";"p***.d****@r***.f*";"";"course-10km/1493.png";"";"";"";""
"933";"D*****";"F*****";"f***.d****@s***.f*";"course-5km/0383.png";"";"";"marche-5km/3124.png";"marche-10km/4076.png";"marche-21km/5035.png"
"1085";"D*****";"Y*****";"y***.d****@r***.f*";"";"";"";"marche-5km/3162.png";"";""
"424";"D*****";"C*****";"c***.d****@s***.f*";"";"";"course-21km/2104.png";"";"";""
"285";"D*****";"A*****";"a***.d****@r***.f*";"course-5km/0139.png";"";"";"marche-5km/3035.png";"";""
"318";"D*****";"A*****";"a***.d****@s***.f*";"";"";"course-21km/2080.png";"";"";""
"829";"D*****";"D*****";"d***.d****@s***.f*";"";"";"course-21km/2169.png";"";"";""
"17";"D*****";"F*****";"f***.d****@s***.f*";"course-5km/0009.png";"course-10km/1008.png";"course-21km/2006.png";"";"";""
"172";"D*****";"M*****";"m***.d****@s***.f*";"course-5km/0082.png";"course-10km/1106.png";"";"";"";""
"211";"D*****";"C*****";"c***.d****@s***.f*";"course-5km/0105.png";"course-10km/1132.png";"";"marche-5km/3023.png";"";""
"637";"D*****";"E*****";"e***.d****@r***.f*";"";"";"";"marche-5km/3076.png";"";""
"709";"D*****";"J*****";"j***.d****@r***.f*";"";"";"";"marche-5km/3083.png";"";""
"397";"D*****";"P*****";"p***.d****@s***.f*";"";"course-10km/1237.png";"";"";"";""
"157";"D*****";"M*****";"m***.d****@s***.f*";"";"course-10km/1095.png";"course-21km/2040.png";"";"";""
"859";"D*****";"L*****";"l***.d****@s***.f*";"";"course-10km/1441.png";"";"";"";""
"485";"D*****";"L*****";"l***.d****@g***.c*";"course-5km/0216.png";"";"";"";"";""
"1125";"D*****";"R*****";"r***.d****@r***.f*";"";"course-10km/1547.png";"";"";"";""
"12";"D*****";"M*****";"m***.d****@s***.f*";"course-5km/0006.png";"course-10km/1006.png";"";"marche-5km/3001.png";"";""
"97";"D*****";"A*****";"a***.d****@r***.f*";"";"";"course-21km/2024.png";"";"";""
"168";"D*****";"D*****";"d***.d****@s***.f*";"course-5km/0079.png";"";"";"";"";""
"1075";"D*****";"A*****";"a***.d****@s***.f*";"";"course-10km/1525.png";"";"";"";""
"899";"D*****";"A*****";"a***.d****@r***.f*";"course-5km/0368.png";"";"";"";"";""
"861";"D*****";"Y*****";"y***.d****@r***.f*";"";"course-10km/1442.png";"";"";"";""
"708";"D*****";"M*****";"m***.d****@s***.f*";"";"";"";"";"marche-10km/4052.png";""
"167";"D*****";"G*****";"g***.d****@r***.f*";"course-5km/0078.png";"course-10km/1102.png";"";"";"";""
"359";"D*****";"W*****";"w***.d****@s***.f*";"";"";"course-21km/2088.png";"";"";""
"525";"D*****";"V*****";"v***.d****@s***.f*";"course-5km/0235.png";"";"";"";"";""
"1373";"D*****";"A*****";"a***.d****@s***.f*";"course-5km/0537.png";"course-10km/1619.png";"course-21km/2239.png";"";"";""
"1145";"D*****";"A*****";"a***.d****@s***.f*";"course-5km/0441.png";"";"";"";"";""
"1456";"D*****";"A*****";"a***.d****@s***.f*";"course-5km/0559.png";"";"";"";"";""
"1102";"D*****";"J*****";"J***@s***.f*";"";"";"";"";"marche-10km/4098.png";""
"1223";"D*****";"J*****";"j***.d****@r***.f*";"course-5km/0477.png";"course-10km/1582.png";"course-21km/2224.png";"";"";""
"746";"D*****";"D*****";"d***.d****@s***.f*";"";"course-10km/1395.png";"";"";"";""
"950";"D*****";"M*****";"m***.d****@s***.f*";"";"";"";"";"";"marche-21km/5037.png"
"446";"D*****";"F*****";"f***.d****@s***.f*";"course-5km/0198.png";"course-10km/1261.png";"course-21km/2109.png";"";"";""
"1291";"D*****";"L*****";"l***.d****@r***.f*";"course-5km/0500.png";"";"";"marche-5km/3215.png";"";""
"1131";"D*****";"X*****";"x***.d****@s***.f*";"";"";"course-21km/2215.png";"";"";""
"319";"D*****";"A*****";"a***.d****@r***.f*";"";"";"course-21km/2081.png";"";"";""
"671";"D*****";"S*****";"S***.d****@s***.f*";"course-5km/0293.png";"";"";"";"";""
"468";"D*****";"T*****";"t***.d****@s***.f*";"course-5km/0207.png";"";"";"";"";""
"3";"E*****";"C*****";"c***.e****@s***.f*";"";"course-10km/1002.png";"";"";"";""
"176";"E*****";"Y*****";"Y***.e****@s***.f*";"";"course-10km/1110.png";"";"";"";""
"1413";"E*****";"S*****";"s***.e****@r***.f*";"";"";"";"marche-5km/3263.png";"marche-10km/4130.png";"marche-21km/5055.png"
"922";"E*****";"B*****";"b***.e****@r***.f*";"";"";"course-21km/2182.png";"";"";""
"1338";"E*****";"K*****";"k***.e****@s***.f*";"";"";"";"marche-5km/3233.png";"";""
"838";"E*****";"T*****";"t***.e****@r***.f*";"";"course-10km/1432.png";"course-21km/2172.png";"";"";""
"513";"E*****";"Y*****";"y***.e****@s***.f*";"";"course-10km/1285.png";"";"";"";""
"940";"E*****";"M*****";"m***.e****@s***.f*";"course-5km/0386.png";"course-10km/1479.png";"";"";"";""
"16";"E*****";"E*****";"E***.e****@s***.f*";"course-5km/0008.png";"";"";"";"";""
"1343";"E*****";"L*****";"e***.l****@r***.f*";"course-5km/0522.png";"course-10km/1608.png";"";"";"";""
"1041";"E*****";"M*****";"M***.e****@s***.f*";"course-5km/0412.png";"";"";"";"";""
"687";"E*****";"J*****";"j***.e****@s***.f*";"";"course-10km/1364.png";"";"";"";""
"301";"E*****";"J*****";"J***.e****@s***.f*";"course-5km/0149.png";"course-10km/1189.png";"";"";"";""
"210";"F*****";"N*****";"n***.f****@r***.f*";"course-5km/0104.png";"";"";"";"";""
"1471";"F*****";"Y*****";"y***.f****@r***.f*";"";"course-10km/1652.png";"";"";"";""
"1161";"F*****";"F*****";"f***.f****@r***.f*";"";"";"";"marche-5km/3176.png";"";""
"509";"F*****";"J*****";"j***.f****@s***.f*";"";"";"course-21km/2120.png";"";"";""
"604";"F*****";"J*****";"j***.f****@s***.f*";"";"course-10km/1324.png";"course-21km/2139.png";"";"";""
"1175";"F*****";"A*****";"a***.f****@r***.f*";"";"course-10km/1567.png";"";"";"";""
"8";"F*****";"L*****";"l***.f****@s***.f*";"course-5km/0003.png";"course-10km/1004.png";"";"";"";""
"364";"F*****";"T*****";"T***.f****@s***.f*";"";"";"";"marche-5km/3042.png";"";""
"136";"F*****";"C*****";"c***.f****@r***.f*";"";"";"course-21km/2034.png";"";"";""
"140";"F*****";"M*****";"M***.f****@s***.f*";"";"course-10km/1081.png";"course-21km/2035.png";"";"";""
"1229";"F*****";"S*****";"S***.f****@k***.c*";"";"";"";"marche-5km/3190.png";"";""
"271";"F*****";"Y*****";"y***.f****@s***.f*";"course-5km/0130.png";"course-10km/1173.png";"course-21km/2066.png";"marche-5km/3031.png";"marche-10km/4014.png";"marche-21km/5010.png"
"448";"F*****";"A*****";"a***.f****@s***.f*";"course-5km/0199.png";"";"";"";"";""
"598";"F*****";"E*****";"e***.f****@s***.f*";"";"";"course-21km/2138.png";"";"";"marche-21km/5022.png"
"312";"F*****";"S*****";"s***.f****@r***.f*";"course-5km/0152.png";"course-10km/1197.png";"course-21km/2079.png";"";"";""
"572";"F*****";"A*****";"a***.f****@s***.f*";"course-5km/0255.png";"course-10km/1308.png";"course-21km/2130.png";"";"";""
"758";"F*****";"A*****";"a***.f****@s***.f*";"";"";"";"";"";"marche-21km/5025.png"
"783";"F*****";"S*****";"s***.f****@s***.f*";"course-5km/0333.png";"";"";"";"";""
"566";"F*****";"R*****";"r***.f****@s***.f*";"";"course-10km/1306.png";"";"";"";""
"1105";"F*****";"D*****";"d***.f****@s***.f*";"course-5km/0427.png";"course-10km/1534.png";"course-21km/2209.png";"";"";""
"322";"F*****";"N*****";"n***.f****@r***.f*";"";"";"";"";"";"marche-21km/5011.png"
"482";"F*****";"D*****";"D***.f****@s***.f*";"";"";"course-21km/2114.png";"";"";""
"615";"F*****";"M*****";"m***.f****@s***.f*";"course-5km/0271.png";"";"";"";"";""
"223";"F*****";"F*****";"f***.f****@s***.f*";"course-5km/0110.png";"";"";"";"";"marche-21km/5008.png"
"450";"F*****";"A*****";"a***.f****@g***.c*";"course-5km/0201.png";"course-10km/1262.png";"";"";"";""
"578";"F*****";"V*****";"v***.f****@s***.f*";"";"";"course-21km/2134.png";"";"";""
"486";"F*****";"S*****";"s***.f****@s***.f*";"";"";"course-21km/2115.png";"";"";""
"469";"F*****";"C*****";"c***.f****@s***.f*";"course-5km/0208.png";"";"";"";"";""
"92";"F*****";"J*****";"j***.f****@s***.f*";"";"course-10km/1051.png";"";"";"";""
"1038";"F*****";"C*****";"c***.f****@s***.f*";"";"";"";"marche-5km/3153.png";"";""
"633";"F*****";"N*****";"n***.f****@s***.f*";"course-5km/0281.png";"";"";"";"";""
"217";"F*****";"C*****";"c***.f****@s***.f*";"course-5km/0107.png";"";"";"";"";""
"741";"F*****";"G*****";"g***.f****@s***.f*";"";"";"";"marche-5km/3087.png";"";""
"1339";"F*****";"M*****";"m***.f****@r***.f*";"";"";"";"marche-5km/3234.png";"";""
"1273";"F*****";"V*****";"v***.f****@r***.f*";"";"";"";"marche-5km/3203.png";"";""
"245";"F*****";"J*****";"j***.f****@r***.f*";"course-5km/0120.png";"";"";"";"";""
"592";"F*****";"M*****";"m***.f****@r***.f*";"";"course-10km/1320.png";"";"";"";""
"1224";"F*****";"C*****";"c***.f****@s***.f*";"course-5km/0478.png";"";"";"";"";""
"1000";"F*****";"A*****";"a***.f****@r***.f*";"course-5km/0404.png";"";"";"";"";""
"1216";"F*****";"L*****";"l***.f****@r***.f*";"";"course-10km/1580.png";"";"";"";""
"455";"F*****";"M*****";"m***.f****@s***.f*";"";"";"";"marche-5km/3053.png";"marche-10km/4029.png";""
"68";"F*****";"A*****";"a***.f****@r***.f*";"course-5km/0028.png";"";"";"marche-5km/3005.png";"";""
"876";"F*****";"O*****";"o***.f****@s***.f*";"course-5km/0364.png";"course-10km/1446.png";"";"marche-5km/3117.png";"marche-10km/4072.png";"marche-21km/5030.png"
"276";"F*****";"E*****";"e***.f****@s***.f*";"course-5km/0134.png";"course-10km/1175.png";"course-21km/2067.png";"";"";""
"173";"F*****";"F*****";"f***.f****@s***.f*";"";"course-10km/1107.png";"";"";"";""
"1191";"F*****";"J*****";"j***.f****@s***.f*";"course-5km/0463.png";"";"";"";"";""
"228";"F*****";"N*****";"n***.f****@s***.f*";"course-5km/0112.png";"course-10km/1142.png";"course-21km/2056.png";"";"";""
"960";"F*****";"E*****";"e***.f****@r***.f*";"course-5km/0391.png";"";"";"";"";""
"182";"F*****";"G*****";"g***.f****@s***.f*";"course-5km/0087.png";"course-10km/1115.png";"course-21km/2043.png";"";"";""
"979";"F*****";"L*****";"l***.f****@r***.f*";"";"course-10km/1487.png";"";"";"";""
"481";"F*****";"D*****";"d***.f****@s***.f*";"course-5km/0215.png";"course-10km/1272.png";"course-21km/2113.png";"";"";""
"153";"F*****";"S*****";"s***.f****@s***.f*";"";"";"course-21km/2038.png";"";"";""
"580";"F*****";"J*****";"j***.f****@s***.f*";"";"course-10km/1313.png";"";"";"";""
"94";"F*****";"J*****";"j***.f****@s***.f*";"course-5km/0044.png";"";"";"";"";""
"1214";"F*****";"J*****";"j***.f****@r***.f*";"";"";"";"marche-5km/3186.png";"";""
"1213";"F*****";"J*****";"J***.f****@r***.f*";"course-5km/0473.png";"";"";"";"";""
"1507";"F*****";"V*****";"v***.f****@s***.f*";"";"";"";"marche-5km/3308.png";"";""
"1043";"G*****";"M*****";"m***.g****@r***.f*";"";"course-10km/1512.png";"";"";"";""
"1438";"G*****";"A*****";"a***.g****@s***.f*";"course-5km/0554.png";"course-10km/1639.png";"";"";"";""
"742";"G*****";"M*****";"m***.g****@s***.f*";"course-5km/0320.png";"";"";"";"";""
"300";"G*****";"J*****";"j***.g****@s***.f*";"course-5km/0148.png";"course-10km/1188.png";"course-21km/2073.png";"";"";""
"1219";"G*****";"C*****";"c***.g****@s***.f*";"course-5km/0475.png";"";"";"";"";""
"119";"G*****";"A*****";"a***.g****@s***.f*";"course-5km/0060.png";"course-10km/1066.png";"";"";"";""
"918";"G*****";"B*****";"b***.g****@r***.f*";"course-5km/0378.png";"";"";"marche-5km/3122.png";"";""
"907";"G*****";"L*****";"e***.l****@r***.f*";"course-5km/0373.png";"course-10km/1465.png";"";"";"";""
"1288";"G*****";"R*****";"r***.g****@r***.f*";"";"";"";"marche-5km/3213.png";"";""
"892";"G*****";"Y*****";"y***.g****@s***.f*";"";"course-10km/1457.png";"";"";"";""
"1393";"G*****";"C*****";"a***.c****@k***.c*";"";"";"";"marche-5km/3257.png";"";""
"253";"G*****";"V*****";"v***.g****@s***.f*";"";"";"";"marche-5km/3029.png";"";""
"1445";"G*****";"L*****";"L***.g****@s***.f*";"";"";"";"";"marche-10km/4134.png";""
"989";"G*****";"A*****";"a***.g****@r***.f*";"";"";"";"marche-5km/3141.png";"marche-10km/4085.png";"marche-21km/5041.png"
"561";"G*****";"C*****";"c***.g****@s***.f*";"course-5km/0250.png";"course-10km/1303.png";"course-21km/2127.png";"";"";""
"401";"G*****";"G*****";"g***.g****@s***.f*";"course-5km/0180.png";"course-10km/1240.png";"";"marche-5km/3047.png";"marche-10km/4022.png";""
"873";"G*****";"L*****";"g***.l****@s***.f*";"course-5km/0362.png";"";"";"";"";""
"34";"G*****";"S*****";"s***.g****@s***.f*";"course-5km/0016.png";"course-10km/1020.png";"course-21km/2011.png";"";"";""
"439";"G*****";"S*****";"s***.g****@s***.f*";"course-5km/0197.png";"";"";"";"";""
"1301";"G*****";"H*****";"h***.g****@r***.f*";"";"";"";"marche-5km/3220.png";"";""
"1226";"G*****";"S*****";"s***.g****@r***.f*";"course-5km/0479.png";"";"course-21km/2226.png";"";"";""
"1296";"G*****";"J*****";"j***.g****@r***.f*";"course-5km/0504.png";"";"";"marche-5km/3217.png";"";""
"778";"G*****";"A*****";"a***.g****@s***.f*";"";"";"";"marche-5km/3094.png";"";""
"452";"G*****";"N*****";"n***.g****@s***.f*";"";"";"course-21km/2110.png";"";"";""
"992";"G*****";"B*****";"b***.g****@s***.f*";"course-5km/0402.png";"";"";"";"";""
"1478";"G*****";"S*****";"s***.g****@s***.f*";"";"";"";"marche-5km/3291.png";"";""
"411";"G*****";"R*****";"r***.g****@s***.f*";"course-5km/0185.png";"";"";"marche-5km/3049.png";"";""
"388";"G*****";"A*****";"a***.g****@s***.f*";"";"course-10km/1230.png";"course-21km/2096.png";"";"";""
"263";"G*****";"V*****";"v***.g****@s***.f*";"";"";"";"";"marche-10km/4013.png";""
"1164";"G*****";"J*****";"j***.g****@r***.f*";"";"";"course-21km/2219.png";"";"";""
"267";"G*****";"S*****";"s***.g****@r***.f*";"";"course-10km/1170.png";"";"";"";""
"697";"G*****";"S*****";"s***.g****@s***.f*";"course-5km/0301.png";"course-10km/1368.png";"course-21km/2153.png";"";"";""
"1257";"G*****";"V*****";"v***.g****@s***.f*";"";"";"";"marche-5km/3198.png";"marche-10km/4111.png";"marche-21km/5052.png"
"1234";"G*****";"C*****";"c***.g****@s***.f*";"";"course-10km/1586.png";"";"";"";""
"256";"G*****";"C*****";"c***.g****@r***.f*";"course-5km/0122.png";"course-10km/1163.png";"course-21km/2062.png";"marche-5km/3030.png";"marche-10km/4011.png";"marche-21km/5009.png"
"1061";"G*****";"S*****";"s***.g****@r***.f*";"course-5km/0416.png";"";"";"";"";""
"851";"G*****";"D*****";"d***.g****@s***.f*";"";"";"course-21km/2173.png";"";"";""
"1090";"G*****";"F*****";"f***.g****@s***.f*";"";"course-10km/1529.png";"";"";"";"marche-21km/5045.png"
"1200";"G*****";"O*****";"o***.g****@r***.f*";"course-5km/0468.png";"";"";"";"";""
"368";"G*****";"P*****";"p***.g****@s***.f*";"course-5km/0166.png";"course-10km/1217.png";"";"marche-5km/3043.png";"marche-10km/4018.png";""
"1148";"G*****";"L*****";"l***.g****@s***.f*";"";"course-10km/1555.png";"";"";"";""
"264";"G*****";"S*****";"s***.g****@r***.f*";"";"course-10km/1168.png";"";"";"";""
"154";"G*****";"A*****";"a***.g****@s***.f*";"";"course-10km/1092.png";"";"";"";""
"1169";"G*****";"J*****";"J***.g****@s***.f*";"course-5km/0453.png";"course-10km/1563.png";"";"";"";""
"1040";"G*****";"B*****";"b***.g****@r***.f*";"";"";"course-21km/2199.png";"";"";""
"128";"G*****";"J*****";"j***.g****@r***.f*";"course-5km/0064.png";"course-10km/1073.png";"course-21km/2032.png";"";"";""
"584";"G*****";"C*****";"c***.g****@r***.f*";"course-5km/0261.png";"";"";"";"";""
"1011";"G*****";"S*****";"S***.g****@s***.f*";"";"";"";"marche-5km/3147.png";"";""
"85";"G*****";"S*****";"s***.g****@s***.f*";"course-5km/0041.png";"course-10km/1048.png";"";"";"";""
"1276";"G*****";"B*****";"b***.g****@s***.f*";"";"";"";"marche-5km/3206.png";"";""
"91";"G*****";"S*****";"s***.g****@s***.f*";"course-5km/0043.png";"course-10km/1050.png";"";"";"";""
"736";"G*****";"C*****";"c***.g****@s***.f*";"course-5km/0319.png";"";"";"";"";""
"369";"G*****";"F*****";"f***.g****@s***.f*";"";"course-10km/1218.png";"";"";"";""
"49";"G*****";"K*****";"k***.g****@r***.f*";"";"course-10km/1026.png";"";"";"";""
"213";"G*****";"S*****";"S***.g****@s***.f*";"";"";"course-21km/2053.png";"";"";""
"1359";"G*****";"C*****";"c***.g****@s***.f*";"";"";"";"marche-5km/3244.png";"";""
"864";"G*****";"C*****";"c***.g****@s***.f*";"";"";"";"";"marche-10km/4069.png";""
"772";"G*****";"H*****";"h***.g****@s***.f*";"";"course-10km/1406.png";"";"";"";""
"252";"G*****";"C*****";"c***.g****@s***.f*";"";"";"";"marche-5km/3028.png";"marche-10km/4010.png";""
"756";"G*****";"J*****";"j***.g****@r***.f*";"course-5km/0324.png";"";"";"";"";""
"1181";"G*****";"C*****";"c***.g****@r***.f*";"course-5km/0458.png";"";"";"";"";""
"942";"G*****";"S*****";"s***.g****@s***.f*";"";"course-10km/1480.png";"";"";"";""
"853";"G*****";"C*****";"c***.g****@r***.f*";"";"course-10km/1438.png";"course-21km/2174.png";"";"";""
"1278";"G*****";"S*****";"s***.g****@s***.f*";"course-5km/0496.png";"";"";"";"";""
"1492";"G*****";"F*****";"F***.g****@s***.f*";"";"course-10km/1660.png";"";"";"";""
"919";"G*****";"W*****";"w***.g****@r***.f*";"";"course-10km/1469.png";"";"";"";""
"854";"G*****";"F*****";"f***.g****@s***.f*";"course-5km/0357.png";"";"";"";"";""
"517";"G*****";"M*****";"m***.g****@r***.f*";"course-5km/0229.png";"";"";"marche-5km/3061.png";"";""
"323";"G*****";"S*****";"s***.g****@s***.f*";"";"";"course-21km/2082.png";"";"";""
"1218";"G*****";"R*****";"r***.g****@s***.f*";"course-5km/0474.png";"course-10km/1581.png";"course-21km/2222.png";"";"";""
"906";"G*****";"M*****";"m***.g****@s***.f*";"course-5km/0372.png";"";"";"marche-5km/3120.png";"";""
"1140";"G*****";"R*****";"r***.g****@r***.f*";"course-5km/0438.png";"";"";"";"";""
"158";"G*****";"C*****";"c***.g****@r***.f*";"";"course-10km/1096.png";"";"";"";""
"789";"G*****";"C*****";"c***.g****@s***.f*";"course-5km/0335.png";"course-10km/1413.png";"";"marche-5km/3098.png";"";""
"208";"G*****";"S*****";"s***.g****@s***.f*";"course-5km/0102.png";"course-10km/1131.png";"course-21km/2052.png";"";"";""
"1477";"G*****";"O*****";"e***.o****@s***.f*";"course-5km/0566.png";"";"";"";"";""
"129";"G*****";"C*****";"c***.g****@r***.f*";"";"";"";"marche-5km/3015.png";"";""
"647";"G*****";"B*****";"b***.g****@r***.f*";"";"course-10km/1346.png";"";"";"";""
"407";"G*****";"S*****";"s***.g****@g***.c*";"course-5km/0183.png";"";"";"";"";""
"621";"G*****";"E*****";"e***.g****@s***.f*";"course-5km/0274.png";"";"";"";"";""
"540";"G*****";"O*****";"o***.g****@s***.f*";"course-5km/0240.png";"course-10km/1297.png";"";"";"";""
"249";"H*****";"S*****";"s***.h****@r***.f*";"";"course-10km/1159.png";"";"";"";""
"1108";"H*****";"P*****";"p***.h****@s***.f*";"";"course-10km/1536.png";"";"";"";""
"71";"H*****";"O*****";"o***.b****@r***.f*";"course-5km/0031.png";"course-10km/1038.png";"";"";"";""
"1450";"H*****";"J*****";"J***.h****@r***.f*";"course-5km/0557.png";"";"";"marche-5km/3277.png";"";""
"1290";"H*****";"F*****";"f***.h****@r***.f*";"course-5km/0499.png";"";"";"";"";""
"170";"H*****";"N*****";"n***.h****@s***.f*";"";"course-10km/1104.png";"";"marche-5km/3022.png";"";"marche-21km/5006.png"
"441";"H*****";"Z*****";"z***.h****@s***.f*";"";"course-10km/1259.png";"";"";"";""
"1107";"H*****";"N*****";"n***.h****@s***.f*";"course-5km/0428.png";"";"";"";"";""
"1247";"H*****";"S*****";"s***.h****@k***.c*";"course-5km/0487.png";"";"";"";"";""
"773";"H*****";"S*****";"s***.h****@s***.f*";"course-5km/0330.png";"course-10km/1407.png";"";"";"";""
"685";"H*****";"M*****";"m***.h****@s***.f*";"";"course-10km/1362.png";"";"";"";""
"1263";"H*****";"B*****";"b***.h****@s***.f*";"course-5km/0492.png";"course-10km/1593.png";"";"";"";""
"372";"H*****";"C*****";"c***.h****@r***.f*";"course-5km/0169.png";"course-10km/1221.png";"course-21km/2095.png";"";"";""
"63";"H*****";"D*****";"d***.h****@s***.f*";"course-5km/0026.png";"course-10km/1033.png";"";"";"";""
"811";"H*****";"C*****";"c***.h****@s***.f*";"course-5km/0341.png";"";"";"";"";""
"177";"H*****";"A*****";"a***.h****@s***.f*";"course-5km/0084.png";"course-10km/1111.png";"";"";"";""
"46";"H*****";"A*****";"a***.h****@s***.f*";"course-5km/0021.png";"";"";"";"";""
"199";"H*****";"E*****";"e***.h****@s***.f*";"";"course-10km/1127.png";"course-21km/2049.png";"";"";""
"1004";"H*****";"T*****";"t***.h****@s***.f*";"";"";"";"";"";"marche-21km/5042.png"
"703";"H*****";"M*****";"m***.h****@s***.f*";"course-5km/0303.png";"course-10km/1371.png";"";"";"";""
"122";"H*****";"J*****";"j***.j****@s***.f*";"course-5km/0062.png";"";"";"marche-5km/3014.png";"marche-10km/4006.png";""
"1267";"H*****";"E*****";"h***.e****@s***.f*";"";"course-10km/1594.png";"";"";"";""
"790";"H*****";"A*****";"A***.h****@s***.f*";"course-5km/0336.png";"";"";"marche-5km/3099.png";"";""
"858";"H*****";"C*****";"c***.h****@s***.f*";"course-5km/0359.png";"";"";"";"";""
"1490";"H*****";"S*****";"s***.h****@r***.f*";"";"course-10km/1659.png";"";"";"";""
"766";"H*****";"F*****";"f***.h****@s***.f*";"course-5km/0327.png";"course-10km/1404.png";"";"";"";""
"530";"H*****";"C*****";"c***@c***.s*";"course-5km/0237.png";"";"";"";"";""
"1524";"H*****";"C*****";"C***.h****@s***.f*";"";"";"";"marche-5km/3319.png";"";""
"866";"H*****";"E*****";"e***.h****@s***.f*";"";"course-10km/1443.png";"";"";"";""
"728";"H*****";"L*****";"l***.h****@s***.f*";"course-5km/0313.png";"course-10km/1386.png";"";"";"";""
"653";"H*****";"S*****";"s***.h****@s***.f*";"course-5km/0286.png";"course-10km/1350.png";"";"";"";""
"550";"H*****";"S*****";"S***.h****@r***.f*";"";"course-10km/1301.png";"course-21km/2125.png";"";"";""
"412";"H*****";"J*****";"j***.h****@r***.f*";"";"course-10km/1244.png";"";"";"";""
"668";"H*****";"J*****";"j***.h****@s***.f*";"";"course-10km/1358.png";"";"";"";""
"1244";"H*****";"R*****";"r***.h****@s***.f*";"course-5km/0485.png";"course-10km/1589.png";"";"";"";""
"1329";"H*****";"S*****";"s***.h****@r***.f*";"course-5km/0516.png";"";"";"";"";""
"600";"H*****";"Y*****";"Y***.h****@s***.f*";"";"course-10km/1322.png";"";"";"";""
"1498";"H*****";"D*****";"d***.h****@r***.f*";"";"";"";"marche-5km/3302.png";"";""
"473";"H*****";"R*****";"r***.h****@s***.f*";"course-5km/0210.png";"";"";"";"";""
"753";"H*****";"Z*****";"e***.z****@s***.f*";"";"course-10km/1401.png";"";"marche-5km/3088.png";"";""
"1208";"H*****";"L*****";"l***.h****@r***.f*";"";"";"";"";"";"marche-21km/5050.png"
"631";"H*****";"N*****";"n***.h****@s***.f*";"course-5km/0280.png";"";"";"marche-5km/3073.png";"";""
"988";"H*****";"M*****";"m***.h****@r***.f*";"course-5km/0400.png";"course-10km/1490.png";"";"marche-5km/3140.png";"marche-10km/4084.png";"marche-21km/5040.png"
"471";"H*****";"J*****";"j***.h****@s***.f*";"";"course-10km/1269.png";"";"";"";""
"1521";"H*****";"C*****";"C***.h****@s***.f*";"";"";"";"marche-5km/3316.png";"";""
"1353";"H*****";"S*****";"s***.h****@s***.f*";"";"";"";"marche-5km/3240.png";"";""
"305";"H*****";"M*****";"M***.h****@s***.f*";"course-5km/0150.png";"course-10km/1192.png";"";"";"";""
"806";"H*****";"P*****";"p***.h****@r***.f*";"";"";"";"marche-5km/3106.png";"";""
"941";"I*****";"O*****";"o***.i****@r***.f*";"";"";"";"";"marche-10km/4079.png";""
"882";"I*****";"M*****";"m***.i****@s***.f*";"course-5km/0365.png";"course-10km/1450.png";"";"";"";""
"147";"I*****";"C*****";"c***.i****@s***.f*";"";"course-10km/1087.png";"";"";"";""
"1002";"I*****";"A*****";"a***.i****@s***.F*";"course-5km/0406.png";"";"";"";"";""
"32";"I*****";"T*****";"T***.i****@r***.f*";"";"course-10km/1018.png";"";"";"";""
"1060";"I*****";"M*****";"m***.i****@s***.f*";"course-5km/0415.png";"";"";"";"";""
"1095";"I*****";"S*****";"s***.i****@s***.f*";"course-5km/0426.png";"";"";"";"";""
"734";"J*****";"P*****";"P***.j****@s***.f*";"course-5km/0317.png";"";"";"";"";""
"1082";"J*****";"J*****";"j***.j****@r***.f*";"";"course-10km/1527.png";"";"";"";""
"1523";"J*****";"S*****";"s***.j****@s***.f*";"";"";"";"marche-5km/3318.png";"";""
"298";"J*****";"L*****";"l***.j****@s***.f*";"course-5km/0146.png";"course-10km/1187.png";"";"";"";""
"104";"J*****";"V*****";"v***.j****@r***.f*";"course-5km/0050.png";"";"";"";"";""
"1045";"J*****";"A*****";"a***.j****@s***.f*";"";"";"";"marche-5km/3154.png";"";""
"571";"J*****";"S*****";"s***.f****@r***.f*";"";"";"";"";"marche-10km/4044.png";""
"1104";"J*****";"E*****";"e***.j****@s***.f*";"";"course-10km/1533.png";"";"";"";""
"265";"J*****";"T*****";"t***.j****@r***.f*";"";"course-10km/1169.png";"";"";"";""
"358";"J*****";"M*****";"m***.j****@s***.f*";"course-5km/0163.png";"course-10km/1213.png";"";"";"";""
"466";"J*****";"Y*****";"y***.j****@s***.f*";"";"";"";"";"marche-10km/4032.png";""
"73";"J*****";"A*****";"a***.j****@s***.f*";"course-5km/0033.png";"course-10km/1040.png";"";"";"";""
"623";"J*****";"A*****";"a***.j****@s***.f*";"course-5km/0275.png";"";"";"";"";""
"26";"J*****";"M*****";"m***.j****@s***.f*";"";"";"course-21km/2008.png";"";"";""
"1021";"J*****";"L*****";"l***.j****@k***.c*";"";"course-10km/1504.png";"";"";"";""
"579";"J*****";"E*****";"e***.j****@r***.f*";"";"";"course-21km/2135.png";"";"";""
"650";"J*****";"S*****";"s***.j****@s***.f*";"";"course-10km/1347.png";"";"";"";""
"1335";"J*****";"L*****";"l***.j****@k***.c*";"";"";"";"marche-5km/3231.png";"";""
"345";"J*****";"A*****";"a***.j****@s***.f*";"";"course-10km/1209.png";"";"";"";""
"1215";"J*****";"F*****";"f***.j****@s***.f*";"";"";"";"marche-5km/3187.png";"";""
"879";"J*****";"S*****";"s***.j****@s***.f*";"";"";"";"marche-5km/3118.png";"";""
"634";"J*****";"S*****";"s***.j****@s***.f*";"";"course-10km/1341.png";"course-21km/2144.png";"";"";""
"1309";"J*****";"S*****";"s***.j****@s***.f*";"course-5km/0509.png";"";"";"";"";""
"247";"J*****";"S*****";"s***.j****@s***.f*";"";"course-10km/1157.png";"";"";"";""
"108";"J*****";"A*****";"a***.j****@s***.f*";"";"course-10km/1061.png";"";"";"";""
"654";"J*****";"L*****";"l***.j****@s***.f*";"course-5km/0287.png";"";"";"marche-5km/3081.png";"";""
"1259";"J*****";"E*****";"e***.j****@r***.f*";"course-5km/0491.png";"";"";"";"";""
"498";"J*****";"C*****";"e***.c****@s***.f*";"course-5km/0221.png";"";"";"";"";""
"803";"J*****";"S*****";"s***.j****@s***.f*";"course-5km/0338.png";"";"";"";"";""
"777";"J*****";"T*****";"t***.j****@s***.f*";"";"";"";"marche-5km/3093.png";"";""
"510";"J*****";"L*****";"L***.j****@r***.f*";"";"";"course-21km/2121.png";"";"";""
"1225";"J*****";"T*****";"t***.j****@s***.f*";"";"";"course-21km/2225.png";"";"";""
"1340";"J*****";"S*****";"e***.s****@r***.f*";"course-5km/0520.png";"";"";"";"";""
"913";"J*****";"E*****";"e***.j****@s***.f*";"course-5km/0376.png";"";"";"";"";""
"280";"J*****";"S*****";"s***.j****@s***.f*";"";"";"";"marche-5km/3032.png";"";""
"262";"K*****";"N*****";"n***.k****@r***.f*";"course-5km/0127.png";"";"";"";"marche-10km/4012.png";""
"1479";"K*****";"A*****";"a***.c****@r***.f*";"course-5km/0567.png";"";"";"";"";""
"518";"K*****";"E*****";"e***.k****@s***.f*";"";"course-10km/1288.png";"";"";"";""
"831";"K*****";"C*****";"c***.k****@s***.f*";"course-5km/0348.png";"";"";"";"";""
"240";"K*****";"A*****";"a***.k****@r***.f*";"course-5km/0117.png";"course-10km/1152.png";"";"";"";""
"749";"K*****";"A*****";"a***.k****@s***.f*";"course-5km/0322.png";"";"";"";"";""
"1035";"K*****";"G*****";"g***.k****@s***.f*";"";"";"course-21km/2198.png";"";"";""
"545";"K*****";"N*****";"n***.k****@s***.f*";"";"";"";"";"marche-10km/4038.png";""
"891";"K*****";"T*****";"t***.k****@s***.f*";"";"course-10km/1456.png";"";"";"";""
"844";"K*****";"S*****";"s***.k****@s***.f*";"";"course-10km/1435.png";"";"";"";""
"1194";"K*****";"J*****";"j***.k****@s***.f*";"";"";"";"marche-5km/3181.png";"marche-10km/4105.png";""
"551";"K*****";"J*****";"j***.k****@s***.f*";"course-5km/0245.png";"";"";"";"";""
"622";"K*****";"M*****";"m***.k****@s***.f*";"";"course-10km/1335.png";"";"";"";""
"289";"L*****";"S*****";"e***.s****@s***.f*";"";"";"";"marche-5km/3036.png";"";""
"258";"L*****";"J*****";"j***.l****@s***.f*";"course-5km/0124.png";"course-10km/1165.png";"";"";"";""
"1298";"L*****";"J*****";"J***.l****@r***.f*";"course-5km/0505.png";"";"";"marche-5km/3218.png";"";""
"1384";"L*****";"C*****";"c***.l****@s***.f*";"";"";"";"marche-5km/3254.png";"";""
"1504";"L*****";"S*****";"a***.l****@s***.f*";"";"";"";"marche-5km/3306.png";"";""
"1024";"L*****";"L*****";"l***.l****@s***.f*";"";"";"course-21km/2195.png";"";"";""
"1328";"L*****";"M*****";"m***.l****@r***.f*";"";"";"";"marche-5km/3229.png";"";""
"692";"L*****";"J*****";"J***.l****@r***.f*";"";"";"course-21km/2150.png";"";"";""
"1217";"L*****";"F*****";"f***.l****@r***.f*";"";"";"";"marche-5km/3188.png";"";""
"1089";"L*****";"L*****";"l***.l****@r***.f*";"";"";"";"marche-5km/3165.png";"";""
"329";"L*****";"C*****";"c***.l****@s***.f*";"";"course-10km/1200.png";"";"";"";""
"380";"L*****";"V*****";"v***@c***.s*";"course-5km/0174.png";"";"";"";"";""
"1174";"L*****";"V*****";"v***.l****@r***.f*";"";"course-10km/1566.png";"";"";"";""
"833";"L*****";"J*****";"j***.l****@s***.f*";"course-5km/0350.png";"";"";"";"";""
"1137";"L*****";"A*****";"a***.l****@r***.f*";"course-5km/0436.png";"course-10km/1551.png";"course-21km/2216.png";"";"";""
"673";"L*****";"P*****";"p***.l****@s***.f*";"";"course-10km/1360.png";"";"";"";""
"1303";"L*****";"A*****";"a***.l****@r***.f*";"";"";"";"marche-5km/3222.png";"";""
"877";"L*****";"Q*****";"q***.l****@s***.f*";"";"course-10km/1447.png";"";"";"";""
"1282";"L*****";"G*****";"g***.l****@s***.f*";"";"";"course-21km/2234.png";"";"";""
"1411";"L*****";"M*****";"m***.l****@r***.f*";"";"";"course-21km/2242.png";"";"";""
"1398";"L*****";"R*****";"r***.l****@r***.f*";"course-5km/0545.png";"";"";"";"";""
"730";"L*****";"N*****";"n***.l****@s***.f*";"course-5km/0315.png";"course-10km/1387.png";"";"";"";""
"1399";"L*****";"M*****";"M***.l****@r***.f*";"";"course-10km/1627.png";"";"";"";""
"785";"L*****";"D*****";"d***.l****@s***.f*";"";"";"";"marche-5km/3097.png";"";""
"1510";"L*****";"J*****";"j***.l****@r***.f*";"";"";"";"marche-5km/3310.png";"";""
"1159";"L*****";"A*****";"a***.l****@s***.f*";"course-5km/0448.png";"course-10km/1559.png";"course-21km/2218.png";"";"";""
"1163";"L*****";"J*****";"j***.l****@r***.f*";"course-5km/0449.png";"course-10km/1561.png";"";"";"";""
"618";"L*****";"L*****";"l***.l****@s***.f*";"course-5km/0272.png";"";"";"";"";""
"516";"L*****";"M*****";"m***.l****@s***.f*";"course-5km/0228.png";"";"";"";"";""
"1123";"L*****";"S*****";"s***.l****@s***.f*";"course-5km/0430.png";"course-10km/1546.png";"course-21km/2212.png";"";"";""
"1003";"L*****";"S*****";"s***.l****@r***.f*";"";"";"";"marche-5km/3144.png";"";""
"1319";"L*****";"A*****";"A***.h****@s***.f*";"";"";"";"";"marche-10km/4115.png";""
"1383";"L*****";"S*****";"s***.l****@r***.f*";"";"course-10km/1622.png";"";"";"";""
"1251";"L*****";"K*****";"K***.l****@s***.f*";"";"";"course-21km/2229.png";"";"";""
"59";"L*****";"R*****";"r***.l****@s***.f*";"course-5km/0024.png";"";"";"";"";""
"143";"L*****";"J*****";"j***.s****@s***.f*";"course-5km/0071.png";"course-10km/1084.png";"course-21km/2036.png";"";"";""
"1292";"L*****";"M*****";"m***.l****@s***.f*";"course-5km/0501.png";"course-10km/1599.png";"";"";"";""
"890";"L*****";"M*****";"m***.l****@s***.f*";"";"course-10km/1455.png";"";"";"";""
"1525";"L*****";"P*****";"p***.l****@s***.f*";"";"course-10km/1667.png";"";"marche-5km/3320.png";"";""
"512";"L*****";"A*****";"a***.l****@s***.f*";"";"course-10km/1284.png";"";"";"";""
"917";"L*****";"A*****";"a***.l****@s***.f*";"";"";"course-21km/2180.png";"";"";""
"1436";"L*****";"E*****";"e***.l****@r***.f*";"";"course-10km/1638.png";"";"";"";""
"1428";"L*****";"G*****";"g***.l****@s***.f*";"";"course-10km/1636.png";"";"";"";""
"82";"L*****";"P*****";"p***.l****@s***.f*";"course-5km/0039.png";"course-10km/1047.png";"";"";"";""
"754";"L*****";"C*****";"c***.l****@r***.f*";"";"course-10km/1402.png";"";"";"";""
"507";"L*****";"Y*****";"y***.l****@s***.f*";"course-5km/0226.png";"course-10km/1282.png";"";"";"";""
"284";"L*****";"S*****";"s***.l****@s***.f*";"";"course-10km/1179.png";"";"";"";""
"1360";"L*****";"D*****";"d***.l****@s***.f*";"";"";"";"marche-5km/3245.png";"";""
"1149";"L*****";"J*****";"j***.l****@s***.f*";"";"course-10km/1556.png";"";"";"";""
"875";"L*****";"S*****";"S***.l****@s***.f*";"";"";"";"";"marche-10km/4071.png";""
"596";"L*****";"N*****";"n***.l****@s***.f*";"";"";"course-21km/2137.png";"";"";""
"1275";"L*****";"M*****";"m***.l****@r***.f*";"";"";"";"marche-5km/3205.png";"";""
"1414";"L*****";"Y*****";"y***.l****@r***.f*";"";"";"";"marche-5km/3264.png";"";""
"1466";"L*****";"L*****";"l***.l****@r***.f*";"course-5km/0561.png";"";"";"";"";""
"1270";"L*****";"C*****";"c***@c***.s*";"course-5km/0494.png";"course-10km/1596.png";"course-21km/2232.png";"";"";""
"414";"L*****";"J*****";"j***.l****@s***.f*";"";"course-10km/1245.png";"";"";"marche-10km/4025.png";""
"1053";"L*****";"A*****";"a***.l****@r***.f*";"";"";"";"";"marche-10km/4093.png";""
"563";"L*****";"Y*****";"y***.l****@s***.f*";"";"course-10km/1304.png";"";"";"";""
"1142";"L*****";"S*****";"s***.l****@r***.f*";"";"course-10km/1554.png";"";"";"";""
"1447";"L*****";"C*****";"c***.l****@s***.f*";"";"";"";"marche-5km/3275.png";"";""
"804";"L*****";"S*****";"S***.l****@s***.f*";"";"course-10km/1421.png";"";"";"";""
"426";"L*****";"C*****";"c***.l****@s***.f*";"";"";"";"marche-5km/3051.png";"";""
"373";"L*****";"M*****";"m***.l****@r***.f*";"course-5km/0170.png";"";"";"";"";""
"549";"L*****";"V*****";"v***.l****@s***.f*";"";"";"";"marche-5km/3065.png";"marche-10km/4039.png";""
"1088";"L*****";"M*****";"m***.l****@r***.f*";"";"";"";"marche-5km/3164.png";"marche-10km/4097.png";"marche-21km/5044.png"
"1183";"L*****";"R*****";"r***.l****@s***.f*";"course-5km/0460.png";"";"";"";"";""
"1372";"L*****";"A*****";"a***.l****@s***.f*";"";"course-10km/1618.png";"";"";"";""
"791";"L*****";"R*****";"r***.l****@g***.c*";"";"";"";"marche-5km/3100.png";"marche-10km/4062.png";""
"994";"L*****";"J*****";"j***.l****@s***.f*";"";"course-10km/1492.png";"";"";"";""
"587";"L*****";"S*****";"s***.g****@s***.f*";"";"course-10km/1318.png";"";"";"";""
"825";"L*****";"R*****";"r***.l****@s***.f*";"course-5km/0345.png";"";"";"";"";""
"666";"L*****";"A*****";"a***.l****@s***.f*";"";"";"course-21km/2149.png";"";"";""
"1379";"L*****";"A*****";"a***.l****@r***.f*";"";"course-10km/1621.png";"";"";"";""
"1019";"L*****";"J*****";"j***.l****@s***.f*";"";"course-10km/1502.png";"";"";"";""
"767";"L*****";"V*****";"v***.l****@r***.f*";"";"";"course-21km/2158.png";"";"";""
"581";"L*****";"B*****";"b***.l****@r***.f*";"course-5km/0259.png";"course-10km/1314.png";"";"";"";""
"651";"L*****";"A*****";"a***.l****@r***.f*";"";"course-10km/1348.png";"";"";"";""
"724";"L*****";"G*****";"g***.l****@r***.f*";"course-5km/0310.png";"course-10km/1383.png";"";"";"";""
"127";"L*****";"J*****";"j***.l****@s***.f*";"";"course-10km/1072.png";"";"";"";""
"1065";"L*****";"S*****";"s***.l****@r***.f*";"course-5km/0417.png";"course-10km/1523.png";"course-21km/2203.png";"";"";""
"505";"L*****";"D*****";"d***.l****@s***.f*";"";"course-10km/1281.png";"";"";"";""
"706";"L*****";"G*****";"g***.l****@r***.f*";"course-5km/0305.png";"course-10km/1374.png";"course-21km/2155.png";"";"";""
"966";"L*****";"V*****";"v***.c****@s***.f*";"";"";"";"";"marche-10km/4081.png";""
"643";"L*****";"M*****";"m***.l****@s***.f*";"course-5km/0284.png";"";"";"marche-5km/3078.png";"marche-10km/4046.png";""
"1064";"L*****";"S*****";"s***.l****@s***.f*";"";"course-10km/1522.png";"";"";"";""
"1535";"L*****";"J*****";"J***.l****@s***.f*";"";"course-10km/1669.png";"";"";"";""
"403";"L*****";"S*****";"s***.l****@r***.f*";"";"course-10km/1241.png";"";"";"";""
"438";"L*****";"A*****";"a***.l****@s***.f*";"course-5km/0196.png";"course-10km/1257.png";"course-21km/2107.png";"";"";""
"727";"L*****";"M*****";"e***.m****@s***.f*";"course-5km/0312.png";"course-10km/1385.png";"";"";"";""
"502";"L*****";"N*****";"n***.l****@s***.f*";"course-5km/0223.png";"course-10km/1278.png";"";"";"";""
"1209";"L*****";"S*****";"s***.l****@r***.f*";"course-5km/0471.png";"course-10km/1578.png";"";"";"";""
"11";"L*****";"L*****";"l***.l****@s***.f*";"course-5km/0005.png";"";"";"";"";"marche-21km/5001.png"
"1402";"L*****";"E*****";"e***.l****@s***.f*";"";"";"";"marche-5km/3260.png";"";""
"655";"L*****";"R*****";"r***.l****@r***.f*";"";"course-10km/1351.png";"course-21km/2147.png";"";"";""
"1210";"L*****";"S*****";"s***.l****@s***.f*";"course-5km/0472.png";"course-10km/1579.png";"course-21km/2221.png";"";"";""
"282";"L*****";"F*****";"f***.l****@s***.f*";"course-5km/0138.png";"";"";"";"";""
"313";"L*****";"A*****";"a***.l****@r***.f*";"course-5km/0153.png";"course-10km/1198.png";"";"";"";""
"751";"L*****";"A*****";"a***.l****@s***.f*";"";"course-10km/1399.png";"";"";"";""
"897";"L*****";"S*****";"s***.l****@s***.f*";"";"course-10km/1461.png";"";"";"";""
"1472";"L*****";"L*****";"L***.l****@s***.f*";"course-5km/0562.png";"";"";"";"";""
"251";"L*****";"N*****";"n***.l****@s***.f*";"";"course-10km/1160.png";"";"";"";""
"927";"L*****";"D*****";"D***.l****@r***.f*";"";"course-10km/1475.png";"";"";"";""
"1240";"L*****";"L*****";"e***.l****@r***.f*";"";"";"";"marche-5km/3193.png";"";""
"761";"L*****";"N*****";"n***.l****@s***.f*";"";"";"";"";"marche-10km/4059.png";""
"232";"L*****";"B*****";"b***.l****@s***.f*";"course-5km/0113.png";"course-10km/1146.png";"";"";"";""
"420";"L*****";"J*****";"j***.l****@r***.f*";"";"course-10km/1249.png";"";"";"";""
"148";"L*****";"M*****";"m***.l****@s***.f*";"";"course-10km/1088.png";"";"";"";""
"967";"L*****";"R*****";"r***.l****@r***.f*";"";"";"";"marche-5km/3135.png";"";""
"106";"L*****";"C*****";"c***.l****@r***.f*";"course-5km/0052.png";"course-10km/1060.png";"course-21km/2027.png";"marche-5km/3011.png";"";""
"903";"L*****";"A*****";"a***.c****@s***.f*";"";"";"";"";"";"marche-21km/5032.png"
"980";"L*****";"S*****";"s***.d****@s***.f*";"";"";"";"marche-5km/3137.png";"";""
"417";"L*****";"F*****";"f***.o****@s***.f*";"course-5km/0188.png";"course-10km/1247.png";"course-21km/2101.png";"";"";""
"1453";"L*****";"N*****";"n***.p****@s***.f*";"";"course-10km/1645.png";"";"";"";""
"909";"L*****";"N*****";"n***.r****@s***.f*";"course-5km/0374.png";"";"";"";"";""
"938";"L*****";"S*****";"s***.v****@s***.f*";"course-5km/0385.png";"";"";"";"marche-10km/4078.png";""
"416";"L*****";"E*****";"e***.z****@s***.f*";"course-5km/0187.png";"course-10km/1246.png";"";"";"";""
"1532";"L*****";"Y*****";"y***.l****@s***.f*";"course-5km/0576.png";"course-10km/1668.png";"course-21km/2251.png";"";"";""
"1252";"L*****";"E*****";"E***.l****@k***.c*";"course-5km/0488.png";"";"";"";"";""
"715";"L*****";"K*****";"k***.l****@r***.f*";"";"course-10km/1377.png";"";"";"";""
"371";"L*****";"E*****";"e***.l****@s***.f*";"course-5km/0168.png";"course-10km/1220.png";"course-21km/2094.png";"";"";""
"194";"L*****";"S*****";"s***@c***.s*";"course-5km/0093.png";"course-10km/1125.png";"";"";"";""
"395";"L*****";"L*****";"l***.l****@s***.f*";"";"course-10km/1236.png";"";"";"";""
"174";"L*****";"B*****";"b***.l****@r***.f*";"course-5km/0083.png";"course-10km/1108.png";"";"";"";""
"340";"L*****";"L*****";"l***.l****@s***.f*";"course-5km/0158.png";"course-10km/1207.png";"";"";"";""
"667";"L*****";"L*****";"l***.l****@s***.f*";"";"course-10km/1357.png";"";"";"";""
"1332";"L*****";"N*****";"N***.l****@s***.f*";"";"course-10km/1607.png";"";"";"";""
"1459";"L*****";"N*****";"n***.l****@s***.f*";"";"";"";"marche-5km/3281.png";"";""
"693";"L*****";"P*****";"p***.l****@s***.f*";"course-5km/0299.png";"";"";"";"";""
"378";"L*****";"A*****";"a***.l****@r***.f*";"";"course-10km/1225.png";"";"";"";""
"1165";"L*****";"A*****";"a***.l****@s***.f*";"course-5km/0450.png";"";"";"";"";""
"625";"L*****";"S*****";"s***.l****@r***.f*";"course-5km/0277.png";"course-10km/1336.png";"";"";"";""
"1227";"L*****";"S*****";"S***.l****@s***.f*";"course-5km/0480.png";"";"";"";"";""
"628";"L*****";"B*****";"b***.l****@s***.f*";"course-5km/0278.png";"course-10km/1338.png";"course-21km/2142.png";"";"";""
"565";"L*****";"S*****";"s***.l****@s***.f*";"course-5km/0252.png";"";"";"";"";""
"874";"L*****";"B*****";"b***.l****@s***.f*";"course-5km/0363.png";"";"";"";"";""
"784";"L*****";"D*****";"D***.l****@s***.f*";"course-5km/0334.png";"course-10km/1410.png";"course-21km/2162.png";"";"";""
"270";"L*****";"R*****";"r***.l****@r***.f*";"course-5km/0129.png";"course-10km/1172.png";"course-21km/2065.png";"";"";""
"865";"L*****";"L*****";"l***.l****@s***.f*";"";"";"course-21km/2176.png";"";"";""
"1470";"L*****";"P*****";"p***.l****@r***.f*";"";"";"";"marche-5km/3288.png";"";""
"1502";"L*****";"R*****";"r***.l****@r***.f*";"";"course-10km/1662.png";"";"";"";""
"1097";"L*****";"C*****";"c***.l****@r***.f*";"";"";"course-21km/2206.png";"";"";""
"1311";"L*****";"P*****";"P***.L****@S***.F*";"";"";"course-21km/2235.png";"";"";""
"1315";"L*****";"D*****";"d***.l****@s***.f*";"";"";"";"marche-5km/3225.png";"";""
"691";"L*****";"V*****";"v***.l****@r***.f*";"course-5km/0298.png";"course-10km/1366.png";"";"";"";""
"780";"L*****";"C*****";"c***.g****@s***.f*";"";"";"";"marche-5km/3096.png";"";""
"1464";"M*****";"H*****";"h***.m****@s***.f*";"";"course-10km/1649.png";"";"marche-5km/3285.png";"marche-10km/4136.png";""
"425";"M*****";"D*****";"d***.m****@g***.c*";"course-5km/0191.png";"course-10km/1252.png";"course-21km/2105.png";"";"";""
"121";"M*****";"G*****";"g***.m****@s***.f*";"";"course-10km/1068.png";"";"";"";""
"1284";"M*****";"V*****";"v***.m****@s***.f*";"";"";"";"marche-5km/3211.png";"";""
"1533";"M*****";"S*****";"s***.m****@s***.f*";"";"";"";"marche-5km/3325.png";"";""
"427";"M*****";"M*****";"m***.l****@s***.f*";"";"";"";"marche-5km/3052.png";"";""
"219";"M*****";"H*****";"h***.m****@s***.f*";"";"course-10km/1136.png";"";"";"";""
"800";"M*****";"H*****";"H***.m****@s***.f*";"";"";"course-21km/2164.png";"";"";""
"179";"M*****";"C*****";"C***.m****@s***.f*";"";"course-10km/1113.png";"course-21km/2042.png";"";"";""
"586";"M*****";"D*****";"d***.m****@s***.f*";"";"course-10km/1317.png";"";"";"";""
"842";"M*****";"C*****";"c***.m****@r***.f*";"course-5km/0353.png";"";"";"";"";""
"409";"M*****";"H*****";"h***.m****@s***.f*";"course-5km/0184.png";"";"course-21km/2100.png";"";"";""
"434";"M*****";"L*****";"l***.m****@s***.f*";"course-5km/0194.png";"";"";"";"";""
"776";"M*****";"L*****";"l***.m****@s***.f*";"";"";"";"marche-5km/3092.png";"";""
"465";"M*****";"A*****";"a***.m****@s***.f*";"";"";"";"marche-5km/3055.png";"";""
"1305";"M*****";"O*****";"o***.m****@r***.f*";"";"";"";"marche-5km/3223.png";"marche-10km/4113.png";""
"862";"M*****";"R*****";"r***.m****@s***.f*";"";"";"course-21km/2175.png";"";"";""
"610";"M*****";"S*****";"s***.m****@s***.f*";"course-5km/0268.png";"course-10km/1328.png";"course-21km/2140.png";"";"";""
"382";"M*****";"C*****";"c***@c***.s*";"course-5km/0175.png";"";"";"";"";""
"991";"M*****";"S*****";"s***.m****@s***.f*";"";"course-10km/1491.png";"course-21km/2192.png";"";"";""
"768";"M*****";"P*****";"p***.m****@s***.f*";"";"";"";"marche-5km/3089.png";"";""
"1133";"M*****";"K*****";"k***.m****@s***.f*";"course-5km/0433.png";"course-10km/1549.png";"";"";"";""
"1520";"M*****";"A*****";"a***.m****@s***.f*";"";"";"";"marche-5km/3315.png";"";""
"1114";"M*****";"D*****";"d***.m****@s***.f*";"";"course-10km/1540.png";"";"";"";""
"639";"M*****";"P*****";"p***.m****@s***.f*";"course-5km/0283.png";"";"";"";"";""
"302";"M*****";"F*****";"f***.m****@s***.f*";"";"course-10km/1190.png";"";"";"";""
"1098";"M*****";"E*****";"e***.m****@r***.f*";"";"";"";"marche-5km/3166.png";"";""
"334";"M*****";"S*****";"s***.m****@r***.f*";"";"course-10km/1202.png";"course-21km/2084.png";"";"";""
"1522";"M*****";"C*****";"c***.m****@r***.f*";"";"";"";"marche-5km/3317.png";"";""
"575";"M*****";"A*****";"A***.m****@s***.f*";"course-5km/0256.png";"course-10km/1310.png";"course-21km/2131.png";"";"";""
"437";"M*****";"E*****";"E***.m****@s***.f*";"course-5km/0195.png";"course-10km/1256.png";"";"";"";""
"583";"M*****";"F*****";"m***.f****@r***.f*";"course-5km/0260.png";"";"";"";"";""
"1266";"M*****";"R*****";"r***.m****@s***.f*";"";"";"";"marche-5km/3201.png";"marche-10km/4112.png";"marche-21km/5053.png"
"1391";"M*****";"B*****";"b***.m****@s***.f*";"";"course-10km/1624.png";"";"";"";""
"460";"M*****";"M*****";"m***.m****@s***.f*";"course-5km/0205.png";"";"";"";"";""
"1201";"M*****";"P*****";"p***.m****@s***.f*";"";"";"";"marche-5km/3182.png";"";""
"474";"M*****";"Y*****";"y***.m****@s***.f*";"course-5km/0211.png";"";"";"";"";""
"100";"M*****";"L*****";"l***.m****@r***.f*";"course-5km/0046.png";"course-10km/1056.png";"";"marche-5km/3010.png";"marche-10km/4004.png";""
"375";"M*****";"M*****";"m***.m****@r***.f*";"course-5km/0171.png";"course-10km/1223.png";"";"";"";""
"239";"M*****";"E*****";"e***.m****@s***.f*";"";"course-10km/1151.png";"";"";"";""
"595";"M*****";"C*****";"C***.m****@s***.f*";"";"";"";"";"marche-10km/4045.png";""
"763";"M*****";"A*****";"a***.m****@s***.f*";"";"course-10km/1403.png";"";"";"";""
"57";"M*****";"C*****";"c***.m****@s***.f*";"";"course-10km/1030.png";"";"";"";""
"221";"M*****";"J*****";"j***@c***.s*";"course-5km/0109.png";"course-10km/1138.png";"";"";"";""
"1047";"M*****";"C*****";"c***.m****@s***.f*";"";"course-10km/1514.png";"";"";"";""
"1087";"M*****";"K*****";"k***.m****@r***.f*";"";"course-10km/1528.png";"";"";"";""
"527";"M*****";"J*****";"J***.m****@s***.f*";"";"course-10km/1290.png";"";"";"";""
"255";"M*****";"J*****";"j***.m****@s***.f*";"course-5km/0121.png";"course-10km/1162.png";"course-21km/2061.png";"";"";""
"1318";"M*****";"V*****";"v***.a****@s***.f*";"";"";"";"";"marche-10km/4114.png";""
"1120";"M*****";"T*****";"t***.m****@s***.f*";"";"";"";"";"";"marche-21km/5046.png"
"743";"M*****";"C*****";"c***.m****@r***.f*";"course-5km/0321.png";"";"";"";"";""
"116";"M*****";"M*****";"m***.m****@s***.f*";"course-5km/0058.png";"";"";"";"";""
"845";"M*****";"N*****";"n***.m****@s***.f*";"";"course-10km/1436.png";"";"";"";""
"726";"M*****";"C*****";"c***.m****@s***.f*";"course-5km/0311.png";"course-10km/1384.png";"";"";"";""
"189";"M*****";"G*****";"g***.m****@r***.f*";"course-5km/0088.png";"course-10km/1121.png";"";"";"";""
"1184";"M*****";"M*****";"m***.m****@r***.f*";"";"course-10km/1571.png";"";"";"";""
"291";"M*****";"F*****";"f***.m****@s***.f*";"";"course-10km/1183.png";"";"";"";""
"1206";"M*****";"C*****";"c***.m****@s***.f*";"";"";"";"marche-5km/3183.png";"";""
"1207";"M*****";"P*****";"p***.m****@s***.f*";"";"";"";"marche-5km/3184.png";"";""
"38";"M*****";"G*****";"G***.m****@r***.f*";"";"course-10km/1022.png";"";"";"";""
"1237";"M*****";"P*****";"p***.m****@r***.f*";"";"";"";"";"marche-10km/4107.png";""
"422";"M*****";"J*****";"j***.m****@s***.f*";"";"";"";"marche-5km/3050.png";"";""
"204";"M*****";"A*****";"a***.m****@s***.f*";"course-5km/0098.png";"";"";"";"";""
"314";"M*****";"D*****";"d***.m****@s***.f*";"";"";"";"marche-5km/3040.png";"";""
"124";"M*****";"E*****";"e***.m****@s***.f*";"course-5km/0063.png";"";"";"";"";""
"607";"M*****";"J*****";"j***.m****@s***.f*";"";"course-10km/1326.png";"";"";"";""
"1482";"M*****";"L*****";"L***.m****@s***.f*";"";"";"";"marche-5km/3293.png";"";""
"896";"M*****";"V*****";"v***.m****@i***.f*";"";"course-10km/1460.png";"";"";"";""
"1117";"M*****";"D*****";"e***.m****@r***.f*";"";"course-10km/1543.png";"";"";"";""
"560";"M*****";"L*****";"l***.f****@r***.f*";"course-5km/0249.png";"";"";"";"";""
"522";"M*****";"B*****";"b***.m****@s***.f*";"course-5km/0233.png";"";"";"";"";""
"731";"M*****";"C*****";"c***.m****@r***.f*";"";"course-10km/1388.png";"";"";"";""
"1299";"M*****";"F*****";"f***.m****@r***.f*";"course-5km/0506.png";"";"";"";"";""
"1118";"M*****";"R*****";"r***.m****@r***.f*";"";"course-10km/1544.png";"";"";"";""
"813";"M*****";"D*****";"d***.m****@s***.f*";"course-5km/0342.png";"course-10km/1424.png";"course-21km/2166.png";"";"";""
"798";"M*****";"B*****";"b***.m****@s***.f*";"";"course-10km/1417.png";"";"";"";""
"973";"M*****";"C*****";"c***.m****@s***.f*";"";"";"";"marche-5km/3136.png";"";""
"781";"M*****";"F*****";"f***.m****@r***.f*";"";"course-10km/1409.png";"";"";"";""
"1517";"M*****";"C*****";"C***.m****@r***.f*";"";"";"";"marche-5km/3313.png";"";""
"1058";"M*****";"S*****";"s***.m****@s***.f*";"";"course-10km/1519.png";"";"";"";""
"1322";"M*****";"A*****";"A***.M****@S***.F*";"";"";"course-21km/2236.png";"";"";""
"817";"M*****";"C*****";"c***.m****@s***.f*";"";"course-10km/1425.png";"";"";"";""
"978";"M*****";"V*****";"v***.m****@s***.f*";"";"";"course-21km/2191.png";"";"";""
"61";"M*****";"O*****";"o***.m****@r***.f*";"course-5km/0025.png";"course-10km/1032.png";"course-21km/2016.png";"";"";""
"775";"M*****";"T*****";"t***.m****@s***.f*";"course-5km/0331.png";"course-10km/1408.png";"course-21km/2161.png";"marche-5km/3091.png";"marche-10km/4060.png";""
"33";"M*****";"P*****";"e***.p****@r***.f*";"course-5km/0015.png";"course-10km/1019.png";"course-21km/2010.png";"";"";""
"797";"M*****";"M*****";"m***.m****@s***.F*";"";"";"";"marche-5km/3104.png";"";""
"200";"M*****";"S*****";"s***.m****@s***.f*";"";"course-10km/1128.png";"";"";"";""
"850";"M*****";"É*****";"e***.m****@r***.f*";"";"course-10km/1437.png";"";"";"";""
"29";"M*****";"S*****";"s***.m****@r***.f*";"";"course-10km/1016.png";"";"";"";""
"641";"M*****";"S*****";"s***.s****@r***.f*";"";"";"";"marche-5km/3077.png";"";""
"184";"M*****";"E*****";"e***.m****@s***.f*";"";"course-10km/1117.png";"";"";"";""
"802";"M*****";"J*****";"j***.m****@r***.f*";"";"course-10km/1420.png";"";"";"";""
"1233";"M*****";"S*****";"S***.M****@S***.F*";"";"course-10km/1585.png";"course-21km/2228.png";"";"";""
"1387";"M*****";"M*****";"m***.m****@s***.f*";"course-5km/0542.png";"";"";"";"";""
"186";"M*****";"J*****";"j***.m****@s***.f*";"";"course-10km/1119.png";"";"";"";""
"556";"M*****";"V*****";"V***.m****@s***.f*";"";"";"";"marche-5km/3068.png";"";""
"1162";"M*****";"D*****";"D***.m****@s***.f*";"";"course-10km/1560.png";"";"";"";""
"159";"M*****";"M*****";"m***.m****@s***.f*";"";"course-10km/1097.png";"";"";"";""
"279";"M*****";"N*****";"n***.m****@r***.f*";"course-5km/0137.png";"course-10km/1178.png";"";"";"";""
"115";"M*****";"F*****";"f***.m****@s***.f*";"";"course-10km/1064.png";"";"";"";""
"1485";"M*****";"J*****";"j***.m****@s***.f*";"";"course-10km/1656.png";"";"";"";""
"867";"M*****";"L*****";"l***.m****@r***.f*";"";"";"";"";"marche-10km/4070.png";""
"1023";"M*****";"J*****";"J***.m****@s***.f*";"";"course-10km/1505.png";"";"";"";""
"606";"M*****";"V*****";"v***.w****@s***.f*";"course-5km/0265.png";"";"";"";"";""
"985";"M*****";"M*****";"m***.m****@s***.f*";"";"course-10km/1489.png";"";"";"";""
"1113";"M*****";"K*****";"k***.m****@r***.f*";"";"course-10km/1539.png";"course-21km/2211.png";"";"";""
"612";"M*****";"S*****";"s***.m****@r***.f*";"";"course-10km/1330.png";"";"";"";""
"883";"M*****";"A*****";"a***.m****@s***.f*";"course-5km/0366.png";"";"";"";"";""
"56";"M*****";"C*****";"c***.m****@s***.f*";"";"course-10km/1029.png";"";"";"";""
"720";"M*****";"L*****";"l***.m****@s***.f*";"course-5km/0309.png";"course-10km/1380.png";"";"";"";""
"164";"M*****";"T*****";"t***.m****@r***.f*";"course-5km/0076.png";"course-10km/1100.png";"";"";"";""
"458";"M*****";"D*****";"d***.m****@s***.f*";"course-5km/0203.png";"";"";"";"";""
"400";"M*****";"J*****";"j***.m****@s***.f*";"";"";"";"marche-5km/3046.png";"marche-10km/4021.png";"marche-21km/5014.png"
"273";"M*****";"R*****";"R***@c***.s*";"course-5km/0132.png";"";"";"";"";""
"1395";"M*****";"S*****";"s***.m****@s***.f*";"";"";"";"";"marche-10km/4129.png";""
"508";"M*****";"C*****";"c***.m****@s***.f*";"course-5km/0227.png";"";"";"";"";""
"1495";"M*****";"C*****";"c***.m****@s***.f*";"course-5km/0570.png";"";"";"";"";""
"717";"M*****";"C*****";"c***.m****@s***.f*";"";"course-10km/1379.png";"";"marche-5km/3084.png";"";""
"1386";"M*****";"S*****";"s***.m****@s***.f*";"course-5km/0541.png";"";"";"";"";""
"283";"M*****";"P*****";"m***.p****@s***.f*";"";"";"";"marche-5km/3034.png";"";""
"1242";"M*****";"T*****";"t***.m****@r***.f*";"course-5km/0484.png";"course-10km/1588.png";"";"";"";""
"541";"M*****";"A*****";"a***.m****@s***.f*";"";"";"";"marche-5km/3064.png";"";""
"1268";"M*****";"M*****";"m***.m****@s***.f*";"course-5km/0493.png";"";"";"";"";""
"1269";"M*****";"M*****";"m***.m****@s***.f*";"";"course-10km/1595.png";"";"";"";""
"506";"M*****";"E*****";"e***.m****@s***.f*";"";"";"course-21km/2119.png";"";"";""
"1331";"M*****";"M*****";"m***.m****@s***.f*";"course-5km/0517.png";"";"";"";"";""
"821";"M*****";"M*****";"e***.m****@r***.f*";"";"course-10km/1427.png";"";"";"";""
"1134";"M*****";"T*****";"t***.m****@s***.f*";"course-5km/0434.png";"";"";"";"";""
"1124";"M*****";"S*****";"s***.m****@s***.f*";"course-5km/0431.png";"";"";"marche-5km/3171.png";"marche-10km/4099.png";""
"511";"M*****";"I*****";"i***.m****@s***.f*";"";"course-10km/1283.png";"";"";"";""
"835";"M*****";"M*****";"m***.m****@r***.f*";"";"";"course-21km/2171.png";"";"";""
"771";"M*****";"P*****";"p***.m****@s***.f*";"course-5km/0329.png";"course-10km/1405.png";"course-21km/2160.png";"";"";""
"1196";"M*****";"Q*****";"q***.m****@r***.f*";"course-5km/0465.png";"";"";"";"";""
"103";"M*****";"L*****";"l***.m****@r***.f*";"course-5km/0049.png";"course-10km/1058.png";"";"";"";""
"1211";"M*****";"F*****";"f***.m****@s***.f*";"";"";"";"marche-5km/3185.png";"marche-10km/4106.png";"marche-21km/5051.png"
"386";"M*****";"C*****";"c***.m****@s***.f*";"course-5km/0176.png";"course-10km/1229.png";"";"";"";""
"367";"N*****";"R*****";"r***.n****@s***.f*";"";"";"course-21km/2092.png";"";"";""
"404";"N*****";"K*****";"k***.n****@s***.f*";"course-5km/0182.png";"course-10km/1242.png";"course-21km/2098.png";"";"";""
"1285";"N*****";"Y*****";"Y***.n****@s***.f*";"course-5km/0497.png";"";"";"";"";""
"10";"N*****";"M*****";"m***.n****@s***.f*";"course-5km/0004.png";"course-10km/1005.png";"";"";"";""
"161";"N*****";"C*****";"c***.n****@s***.f*";"course-5km/0075.png";"course-10km/1099.png";"";"";"";""
"569";"N*****";"Q*****";"q***.n****@r***.f*";"course-5km/0253.png";"course-10km/1307.png";"course-21km/2129.png";"";"";""
"972";"N*****";"L*****";"l***.n****@s***.f*";"course-5km/0395.png";"";"";"";"";""
"489";"N*****";"N*****";"n***.n****@s***.f*";"course-5km/0217.png";"course-10km/1273.png";"course-21km/2116.png";"";"";""
"819";"N*****";"G*****";"g***.n****@r***.f*";"";"";"course-21km/2167.png";"";"";""
"1081";"N*****";"T*****";"T***.f****@r***.f*";"";"";"";"marche-5km/3161.png";"";""
"524";"N*****";"L*****";"l***.n****@s***.f*";"course-5km/0234.png";"course-10km/1289.png";"";"marche-5km/3062.png";"";""
"995";"N*****";"C*****";"c***.n****@r***.f*";"course-5km/0403.png";"";"";"";"";""
"1157";"N*****";"C*****";"c***.n****@s***.f*";"course-5km/0447.png";"";"";"";"";""
"464";"N*****";"L*****";"l***.n****@g***.c*";"";"";"";"marche-5km/3054.png";"marche-10km/4031.png";""
"782";"N*****";"E*****";"e***.n****@s***.f*";"course-5km/0332.png";"";"";"";"";""
"626";"N*****";"P*****";"p***.n****@s***.f*";"";"";"";"marche-5km/3072.png";"";""
"1236";"N*****";"J*****";"j***.n****@r***.f*";"course-5km/0483.png";"";"";"";"";""
"1494";"N*****";"Q*****";"q***.n****@s***.f*";"course-5km/0569.png";"";"";"";"";""
"362";"N*****";"J*****";"e***.j****@r***.f*";"course-5km/0165.png";"course-10km/1215.png";"course-21km/2089.png";"";"";""
"1143";"N*****";"E*****";"e***.n****@g***.c*";"";"";"";"marche-5km/3172.png";"";""
"1352";"N*****";"M*****";"m***.n****@s***.f*";"";"";"";"";"marche-10km/4122.png";""
"48";"N*****";"O*****";"o***.n****@s***.f*";"";"course-10km/1025.png";"";"";"";""
"24";"N*****";"A*****";"a***.n****@r***.f*";"course-5km/0012.png";"course-10km/1013.png";"";"";"";""
"1448";"O*****";"C*****";"c***.o****@r***.f*";"";"";"";"";"marche-10km/4135.png";""
"1253";"O*****";"B*****";"b***.o****@s***.f*";"";"course-10km/1591.png";"";"";"";""
"205";"O*****";"S*****";"s***.o****@s***.f*";"course-5km/0099.png";"";"";"";"marche-10km/4008.png";""
"1496";"O*****";"F*****";"f***.o****@r***.f*";"";"";"";"marche-5km/3301.png";"";""
"921";"O*****";"J*****";"j***.o****@r***.f*";"";"course-10km/1471.png";"";"";"";""
"1307";"O*****";"J*****";"j***.o****@s***.f*";"course-5km/0508.png";"";"";"";"";""
"1419";"O*****";"J*****";"j***.o****@s***.f*";"";"";"";"marche-5km/3267.png";"";""
"1368";"O*****";"N*****";"n***.o****@s***.f*";"";"";"";"";"marche-10km/4126.png";""
"975";"O*****";"J*****";"j***.o****@s***.f*";"";"";"course-21km/2190.png";"";"";""
"491";"O*****";"C*****";"c***.o****@s***.f*";"course-5km/0218.png";"";"";"";"";""
"1146";"O*****";"S*****";"s***.o****@s***.f*";"";"";"";"marche-5km/3173.png";"";""
"1330";"O*****";"A*****";"a***.o****@r***.f*";"";"";"";"marche-5km/3230.png";"";""
"166";"O*****";"L*****";"l***.o****@s***.f*";"";"";"";"marche-5km/3021.png";"";""
"1074";"O*****";"C*****";"c***.o****@r***.f*";"course-5km/0419.png";"";"";"";"";""
"1469";"P*****";"F*****";"f***.o****@r***.f*";"";"";"";"marche-5km/3287.png";"";""
"268";"P*****";"A*****";"a***.p****@r***.f*";"course-5km/0128.png";"course-10km/1171.png";"";"";"";""
"1295";"P*****";"P*****";"p***.p****@s***.f*";"course-5km/0503.png";"course-10km/1600.png";"";"";"";""
"125";"P*****";"D*****";"d***.p****@s***.f*";"";"course-10km/1070.png";"";"";"";""
"1274";"P*****";"É*****";"e***.p****@r***.f*";"";"";"";"marche-5km/3204.png";"";""
"261";"P*****";"E*****";"e***.p****@s***.f*";"";"course-10km/1167.png";"";"";"";""
"1099";"P*****";"L*****";"l***.p****@r***.f*";"";"";"course-21km/2207.png";"";"";""
"51";"P*****";"C*****";"c***.p****@s***.f*";"";"course-10km/1027.png";"";"";"";""
"694";"P*****";"G*****";"g***.p****@s***.f*";"";"course-10km/1367.png";"course-21km/2151.png";"";"";""
"885";"P*****";"C*****";"c***.p****@s***.f*";"";"course-10km/1451.png";"";"";"";""
"376";"P*****";"J*****";"j***.p****@r***.f*";"course-5km/0172.png";"";"";"";"";""
"135";"P*****";"C*****";"c***.p****@s***.f*";"";"course-10km/1077.png";"";"";"";""
"1091";"P*****";"G*****";"g***.p****@s***.f*";"course-5km/0424.png";"";"";"";"";""
"428";"P*****";"A*****";"a***.p****@s***.f*";"";"";"course-21km/2106.png";"";"";""
"585";"P*****";"I*****";"i***.p****@s***.f*";"";"course-10km/1316.png";"";"";"";""
"546";"P*****";"N*****";"n***.p****@s***.f*";"course-5km/0242.png";"";"";"";"";""
"101";"P*****";"A*****";"a***.p****@r***.f*";"course-5km/0047.png";"course-10km/1057.png";"course-21km/2026.png";"";"";""
"1389";"P*****";"L*****";"l***.p****@r***.f*";"";"";"";"marche-5km/3255.png";"";""
"1465";"P*****";"I*****";"i***.p****@s***.f*";"";"course-10km/1650.png";"";"";"marche-10km/4137.png";""
"1529";"P*****";"O*****";"o***.p****@s***.f*";"";"";"";"marche-5km/3322.png";"";""
"110";"P*****";"B*****";"b***.p****@s***.f*";"course-5km/0054.png";"course-10km/1062.png";"course-21km/2029.png";"";"";""
"1063";"P*****";"B*****";"b***.p****@s***.f*";"";"course-10km/1521.png";"";"";"";""
"1078";"P*****";"M*****";"m***.p****@r***.f*";"course-5km/0422.png";"";"";"";"";""
"1153";"P*****";"A*****";"a***.p****@s***.f*";"course-5km/0444.png";"";"";"";"";""
"80";"P*****";"B*****";"b***.p****@r***.f*";"course-5km/0038.png";"course-10km/1045.png";"";"";"";""
"374";"P*****";"B*****";"b***.p****@s***.f*";"";"course-10km/1222.png";"";"";"";""
"79";"P*****";"M*****";"m***.p****@s***.f*";"";"course-10km/1044.png";"";"";"";""
"390";"P*****";"G*****";"g***.p****@r***.f*";"";"course-10km/1231.png";"";"";"";""
"23";"P*****";"L*****";"L***.p****@s***.f*";"course-5km/0011.png";"course-10km/1012.png";"";"";"";""
"30";"P*****";"V*****";"v***.p****@s***.f*";"";"";"";"";"marche-10km/4001.png";""
"243";"P*****";"A*****";"e***.a****@s***.f*";"";"course-10km/1155.png";"";"";"";""
"1505";"P*****";"L*****";"l***.p****@r***.f*";"course-5km/0572.png";"";"";"";"";""
"714";"P*****";"A*****";"a***.t****@s***.f*";"";"";"";"";"marche-10km/4055.png";""
"1367";"P*****";"L*****";"l***.p****@r***.f*";"course-5km/0534.png";"";"";"";"";""
"562";"P*****";"V*****";"v***.p****@s***.f*";"";"";"";"marche-5km/3070.png";"marche-10km/4043.png";""
"1473";"P*****";"S*****";"s***.p****@s***.f*";"course-5km/0563.png";"course-10km/1653.png";"course-21km/2247.png";"marche-5km/3289.png";"";""
"796";"P*****";"C*****";"c***.p****@s***.f*";"";"course-10km/1416.png";"";"";"";""
"1293";"P*****";"F*****";"f***.p****@r***.f*";"course-5km/0502.png";"";"";"";"";""
"238";"P*****";"E*****";"e***.p****@r***.f*";"";"";"";"marche-5km/3027.png";"";""
"910";"P*****";"M*****";"m***.p****@s***.f*";"";"course-10km/1467.png";"";"";"";""
"293";"P*****";"V*****";"h***.p****@s***.f*";"course-5km/0142.png";"course-10km/1184.png";"";"marche-5km/3037.png";"";""
"1042";"P*****";"M*****";"m***.p****@s***.f*";"course-5km/0413.png";"";"";"";"";""
"1010";"P*****";"P*****";"p***.p****@s***.f*";"";"";"course-21km/2193.png";"";"";""
"1410";"P*****";"R*****";"r***.p****@s***.f*";"";"course-10km/1630.png";"";"";"";""
"392";"P*****";"N*****";"n***.p****@s***.f*";"course-5km/0178.png";"course-10km/1233.png";"";"marche-5km/3044.png";"marche-10km/4019.png";""
"112";"P*****";"A*****";"a***.p****@r***.f*";"course-5km/0056.png";"course-10km/1063.png";"course-21km/2030.png";"";"";""
"310";"P*****";"F*****";"f***.p****@r***.f*";"course-5km/0151.png";"course-10km/1195.png";"course-21km/2077.png";"";"";""
"955";"P*****";"J*****";"j***.p****@r***.f*";"";"";"";"marche-5km/3128.png";"";""
"1101";"P*****";"B*****";"b***.p****@r***.f*";"";"course-10km/1532.png";"";"";"";""
"984";"P*****";"E*****";"e***.p****@s***.f*";"course-5km/0399.png";"";"";"";"marche-10km/4083.png";""
"608";"P*****";"M*****";"m***.p****@s***.f*";"course-5km/0266.png";"";"";"";"";""
"1014";"P*****";"T*****";"t***.p****@s***.f*";"";"course-10km/1499.png";"";"";"";""
"1286";"P*****";"T*****";"t***.p****@s***.f*";"course-5km/0498.png";"course-10km/1598.png";"";"";"";""
"1141";"P*****";"M*****";"m***.p****@s***.f*";"course-5km/0439.png";"";"";"";"";""
"1371";"P*****";"D*****";"d***.p****@k***.c*";"course-5km/0536.png";"course-10km/1617.png";"";"marche-5km/3249.png";"";""
"25";"P*****";"N*****";"n***.p****@s***.f*";"";"course-10km/1014.png";"";"";"";""
"472";"P*****";"S*****";"s***.p****@s***.f*";"";"course-10km/1270.png";"";"";"";""
"1130";"P*****";"A*****";"A***.g****@s***.f*";"";"";"course-21km/2214.png";"";"";""
"1341";"P*****";"E*****";"e***.p****@r***.f*";"course-5km/0521.png";"";"";"";"";""
"544";"P*****";"N*****";"n***.p****@s***.f*";"course-5km/0241.png";"course-10km/1299.png";"course-21km/2124.png";"";"";""
"564";"P*****";"E*****";"e***.p****@s***.f*";"course-5km/0251.png";"course-10km/1305.png";"";"";"";""
"555";"P*****";"F*****";"f***.c****@s***.f*";"course-5km/0246.png";"";"";"marche-5km/3067.png";"marche-10km/4041.png";""
"1300";"P*****";"R*****";"r***.p****@r***.f*";"";"";"";"marche-5km/3219.png";"";""
"1198";"P*****";"C*****";"c***.p****@r***.f*";"course-5km/0466.png";"";"";"";"";""
"1173";"P*****";"C*****";"c***.p****@s***.f*";"";"";"";"marche-5km/3178.png";"";""
"275";"P*****";"J*****";"j***.p****@s***.f*";"course-5km/0133.png";"course-10km/1174.png";"";"";"";""
"824";"P*****";"L*****";"l***.p****@r***.f*";"course-5km/0344.png";"";"";"";"";""
"126";"P*****";"A*****";"a***.p****@r***.f*";"";"course-10km/1071.png";"";"";"";""
"1195";"P*****";"J*****";"j***.p****@r***.f*";"course-5km/0464.png";"";"";"";"";""
"1084";"P*****";"G*****";"G***.p****@r***.f*";"";"";"course-21km/2204.png";"";"";""
"1199";"P*****";"L*****";"l***.p****@r***.f*";"course-5km/0467.png";"";"";"";"";""
"670";"P*****";"L*****";"l***.p****@r***.f*";"";"course-10km/1359.png";"";"";"";""
"1425";"P*****";"V*****";"v***.p****@s***.f*";"";"";"";"marche-5km/3270.png";"";""
"1417";"P*****";"A*****";"a***.p****@s***.f*";"course-5km/0551.png";"course-10km/1631.png";"";"";"";""
"577";"P*****";"C*****";"c***.p****@r***.f*";"course-5km/0258.png";"course-10km/1312.png";"course-21km/2133.png";"";"";""
"222";"P*****";"Y*****";"y***.p****@r***.f*";"";"course-10km/1139.png";"";"";"";""
"1158";"P*****";"L*****";"l***.p****@s***.f*";"";"";"";"marche-5km/3175.png";"";""
"880";"P*****";"D*****";"d***.p****@s***.f*";"";"course-10km/1449.png";"";"";"";""
"1025";"P*****";"J*****";"j***.s****@r***.f*";"course-5km/0409.png";"course-10km/1506.png";"course-21km/2196.png";"marche-5km/3149.png";"";""
"860";"P*****";"S*****";"s***.p****@s***.f*";"";"";"";"";"marche-10km/4067.png";""
"920";"P*****";"B*****";"b***.p****@r***.f*";"course-5km/0379.png";"course-10km/1470.png";"course-21km/2181.png";"";"";""
"1150";"P*****";"N*****";"n***.p****@r***.f*";"";"course-10km/1557.png";"";"";"";""
"1497";"P*****";"M*****";"m***.p****@s***.f*";"course-5km/0571.png";"";"course-21km/2248.png";"";"";""
"178";"P*****";"G*****";"g***.p****@r***.f*";"course-5km/0085.png";"course-10km/1112.png";"";"";"";""
"206";"P*****";"A*****";"a***.p****@r***.f*";"course-5km/0100.png";"course-10km/1130.png";"course-21km/2051.png";"";"";""
"231";"P*****";"L*****";"l***.p****@s***.f*";"";"course-10km/1145.png";"";"";"";""
"1365";"P*****";"A*****";"a***.p****@r***.f*";"course-5km/0533.png";"";"";"marche-5km/3247.png";"";""
"1320";"P*****";"A*****";"a***.p****@s***.f*";"";"";"";"";"marche-10km/4116.png";""
"183";"P*****";"O*****";"o***.p****@s***.f*";"";"course-10km/1116.png";"course-21km/2044.png";"";"";""
"70";"Q*****";"D*****";"D***.q****@s***.f*";"course-5km/0030.png";"course-10km/1037.png";"course-21km/2020.png";"";"";""
"1139";"Q*****";"M*****";"m***.q****@s***.f*";"course-5km/0437.png";"course-10km/1553.png";"";"";"";""
"1369";"Q*****";"A*****";"a***.q****@s***.f*";"course-5km/0535.png";"course-10km/1616.png";"";"";"";""
"539";"Q*****";"S*****";"s***.q****@g***.c*";"";"course-10km/1296.png";"";"";"";""
"837";"Q*****";"A*****";"a***.q****@s***.f*";"";"";"";"marche-5km/3110.png";"";""
"1407";"Q*****";"C*****";"c***.q****@s***.f*";"course-5km/0547.png";"course-10km/1629.png";"course-21km/2241.png";"";"";""
"852";"Q*****";"G*****";"g***.q****@s***.f*";"course-5km/0356.png";"";"";"";"";""
"42";"Q*****";"L*****";"l***.q****@s***.f*";"course-5km/0020.png";"course-10km/1023.png";"course-21km/2013.png";"";"";""
"160";"Q*****";"S*****";"s***.q****@r***.f*";"course-5km/0074.png";"course-10km/1098.png";"course-21km/2041.png";"";"";""
"449";"Q*****";"A*****";"a***.q****@s***.f*";"course-5km/0200.png";"";"";"";"";""
"820";"Q*****";"A*****";"a***.q****@s***.f*";"";"course-10km/1426.png";"";"";"";""
"1304";"Q*****";"E*****";"e***.q****@c***.f*";"";"course-10km/1602.png";"";"";"";""
"582";"Q*****";"A*****";"a***.q****@r***.f*";"";"course-10km/1315.png";"";"";"";""
"1231";"R*****";"G*****";"g***.r****@s***.f*";"";"";"";"marche-5km/3191.png";"";""
"1243";"R*****";"F*****";"f***.r****@r***.f*";"";"";"";"marche-5km/3195.png";"";""
"662";"R*****";"J*****";"j***.r****@s***.f*";"";"course-10km/1355.png";"";"";"";""
"1005";"R*****";"C*****";"c***.r****@k***.c*";"";"";"";"marche-5km/3145.png";"";""
"969";"R*****";"A*****";"A***.r****@s***.f*";"";"";"";"";"";"marche-21km/5039.png"
"946";"R*****";"Q*****";"q***.r****@s***.f*";"course-5km/0387.png";"course-10km/1482.png";"course-21km/2186.png";"";"";""
"554";"R*****";"L*****";"l***.r****@s***.f*";"";"course-10km/1302.png";"course-21km/2126.png";"";"";""
"1051";"R*****";"S*****";"s***.r****@s***.f*";"";"course-10km/1516.png";"";"";"";""
"1155";"R*****";"F*****";"f***.r****@s***.f*";"";"course-10km/1558.png";"course-21km/2217.png";"marche-5km/3174.png";"";""
"699";"R*****";"M*****";"m***.r****@s***.f*";"";"course-10km/1370.png";"";"";"";""
"934";"R*****";"M*****";"m***.r****@r***.f*";"";"course-10km/1477.png";"";"";"";""
"1006";"R*****";"T*****";"t***.r****@s***.f*";"";"course-10km/1495.png";"";"";"";""
"149";"R*****";"A*****";"a***.r****@s***.f*";"";"course-10km/1089.png";"";"";"";""
"958";"R*****";"S*****";"s***.r****@r***.f*";"";"";"";"marche-5km/3131.png";"";""
"986";"R*****";"S*****";"s***.r****@r***.f*";"";"";"";"marche-5km/3139.png";"";""
"1151";"R*****";"L*****";"l***.r****@r***.f*";"course-5km/0443.png";"";"";"";"";""
"884";"R*****";"D*****";"d***.r****@s***.f*";"course-5km/0367.png";"";"";"";"";""
"514";"R*****";"A*****";"a***.r****@s***.f*";"";"course-10km/1286.png";"";"";"";""
"351";"R*****";"S*****";"s***.r****@s***.f*";"course-5km/0161.png";"course-10km/1211.png";"";"";"";""
"363";"R*****";"M*****";"m***.r****@s***.f*";"";"course-10km/1216.png";"course-21km/2090.png";"";"";""
"1037";"R*****";"A*****";"A***.r****@s***.f*";"";"course-10km/1510.png";"";"";"";""
"1310";"R*****";"N*****";"n***.r****@s***.f*";"course-5km/0510.png";"";"";"";"";""
"1337";"R*****";"N*****";"n***.r****@s***.f*";"";"";"";"";"marche-10km/4120.png";""
"1262";"R*****";"M*****";"m***.r****@r***.f*";"";"";"";"marche-5km/3200.png";"";""
"338";"R*****";"S*****";"s***.r****@r***.f*";"";"course-10km/1205.png";"";"";"";""
"770";"R*****";"K*****";"K***.r****@s***.f*";"course-5km/0328.png";"";"";"";"";""
"442";"R*****";"E*****";"e***.r****@s***.f*";"";"";"course-21km/2108.png";"";"";""
"1530";"R*****";"D*****";"d***.r****@s***.f*";"";"";"";"marche-5km/3323.png";"";""
"2";"R*****";"M*****";"m***.r****@s***.f*";"course-5km/0001.png";"course-10km/1001.png";"course-21km/2001.png";"";"";""
"1176";"R*****";"A*****";"a***.r****@r***.f*";"course-5km/0455.png";"";"";"";"";""
"90";"R*****";"S*****";"s***.r****@r***.f*";"";"course-10km/1049.png";"";"";"";""
"480";"R*****";"R*****";"r***.r****@r***.f*";"";"course-10km/1271.png";"";"";"";""
"14";"R*****";"P*****";"P***.r****@r***.f*";"";"";"";"";"";"marche-21km/5002.png"
"1018";"R*****";"F*****";"f***.r****@r***.f*";"";"";"";"marche-5km/3148.png";"";""
"711";"R*****";"A*****";"a***.r****@s***.f*";"course-5km/0306.png";"course-10km/1375.png";"";"";"";""
"1197";"R*****";"P*****";"p***.r****@r***.f*";"";"course-10km/1576.png";"";"";"";""
"196";"R*****";"F*****";"F***.r****@s***.f*";"course-5km/0095.png";"";"";"";"";""
"1452";"R*****";"M*****";"m***.r****@k***.c*";"course-5km/0558.png";"";"";"marche-5km/3279.png";"";""
"889";"R*****";"C*****";"c***.r****@s***.f*";"";"course-10km/1454.png";"";"";"";""
"1277";"R*****";"L*****";"l***.r****@s***.f*";"";"";"";"marche-5km/3207.png";"";""
"181";"R*****";"V*****";"v***.c****@r***.f*";"course-5km/0086.png";"course-10km/1114.png";"";"";"";""
"630";"R*****";"C*****";"c***.r****@r***.f*";"";"course-10km/1340.png";"";"";"";""
"855";"R*****";"Y*****";"y***.r****@r***.f*";"";"";"";"";"";"marche-21km/5028.png"
"1429";"R*****";"M*****";"M***.r****@s***.f*";"";"";"course-21km/2243.png";"";"";""
"96";"R*****";"M*****";"m***.r****@s***.f*";"course-5km/0045.png";"course-10km/1054.png";"";"";"";""
"109";"R*****";"M*****";"m***.r****@s***.f*";"course-5km/0053.png";"";"";"marche-5km/3012.png";"";""
"963";"R*****";"L*****";"l***.r****@r***.f*";"";"";"";"marche-5km/3133.png";"";""
"553";"R*****";"J*****";"j***.r****@s***.f*";"";"";"";"";"";"marche-21km/5021.png"
"886";"R*****";"V*****";"v***.r****@r***.f*";"";"course-10km/1452.png";"";"";"";""
"1432";"R*****";"E*****";"E***.r****@s***.f*";"course-5km/0552.png";"";"";"";"";""
"1092";"R*****";"J*****";"j***.r****@r***.f*";"";"course-10km/1530.png";"";"";"";""
"712";"R*****";"A*****";"a***.r****@s***.f*";"";"";"";"";"marche-10km/4054.png";""
"1397";"R*****";"J*****";"j***.r****@s***.f*";"course-5km/0544.png";"course-10km/1626.png";"";"";"";""
"277";"R*****";"M*****";"m***.r****@s***.f*";"course-5km/0135.png";"course-10km/1176.png";"course-21km/2068.png";"";"";""
"729";"R*****";"M*****";"m***.r****@s***.f*";"course-5km/0314.png";"";"";"";"";""
"952";"R*****";"C*****";"c***.r****@r***.f*";"course-5km/0389.png";"course-10km/1484.png";"";"";"";""
"1462";"R*****";"G*****";"g***.r****@r***.f*";"";"";"";"marche-5km/3283.png";"";""
"597";"R*****";"A*****";"a***.r****@r***.f*";"";"";"";"marche-5km/3071.png";"";""
"496";"R*****";"J*****";"j***.r****@s***.f*";"";"";"";"marche-5km/3059.png";"";""
"965";"R*****";"A*****";"a***.r****@s***.f*";"";"";"";"";"";"marche-21km/5038.png"
"64";"R*****";"C*****";"C***.r****@r***.f*";"course-5km/0027.png";"";"course-21km/2017.png";"";"";""
"1012";"R*****";"T*****";"t***.r****@s***.f*";"";"";"course-21km/2194.png";"";"";""
"832";"R*****";"R*****";"r***.r****@s***.f*";"course-5km/0349.png";"course-10km/1430.png";"";"";"";""
"793";"S*****";"S*****";"S***.s****@s***.f*";"course-5km/0337.png";"course-10km/1414.png";"course-21km/2163.png";"marche-5km/3102.png";"marche-10km/4063.png";"marche-21km/5026.png"
"1460";"S*****";"N*****";"n***.s****@s***.f*";"";"";"";"marche-5km/3282.png";"";""
"431";"S*****";"F*****";"f***.s****@s***.f*";"";"course-10km/1253.png";"";"";"";""
"916";"S*****";"M*****";"m***.s****@s***.f*";"course-5km/0377.png";"";"";"";"";""
"974";"S*****";"M*****";"M***.s****@r***.f*";"course-5km/0396.png";"";"";"";"";""
"214";"S*****";"A*****";"a***.s****@s***.f*";"";"";"";"marche-5km/3024.png";"";""
"1250";"S*****";"Y*****";"s***.y****@s***.f*";"";"";"";"";"marche-10km/4109.png";""
"93";"S*****";"A*****";"a***.s****@r***.f*";"";"course-10km/1052.png";"";"";"";""
"1239";"S*****";"A*****";"a***.s****@s***.f*";"";"";"";"marche-5km/3192.png";"";""
"1308";"S*****";"L*****";"l***.s****@s***.f*";"";"";"";"marche-5km/3224.png";"";""
"841";"S*****";"L*****";"l***.s****@r***.f*";"";"";"";"marche-5km/3111.png";"";""
"810";"S*****";"K*****";"k***.s****@s***.f*";"course-5km/0340.png";"course-10km/1422.png";"course-21km/2165.png";"";"";""
"1126";"S*****";"T*****";"t***.s****@r***.f*";"course-5km/0432.png";"";"";"";"";""
"383";"S*****";"A*****";"a***@c***.s*";"";"course-10km/1228.png";"";"";"";""
"120";"S*****";"T*****";"t***.s****@r***.f*";"course-5km/0061.png";"course-10km/1067.png";"";"";"";""
"1316";"S*****";"N*****";"N***.s****@s***.f*";"course-5km/0512.png";"";"";"";"";""
"1394";"S*****";"N*****";"N***.s****@s***.f*";"";"";"";"marche-5km/3258.png";"";""
"192";"S*****";"R*****";"r***.s****@s***.f*";"course-5km/0091.png";"course-10km/1124.png";"course-21km/2048.png";"";"";""
"151";"S*****";"L*****";"l***.s****@r***.f*";"";"course-10km/1090.png";"";"";"";""
"1261";"S*****";"C*****";"a***.c****@k***.c*";"";"";"";"marche-5km/3199.png";"";""
"1416";"S*****";"V*****";"V***.s****@s***.f*";"";"";"";"marche-5km/3266.png";"marche-10km/4132.png";""
"1412";"S*****";"E*****";"e***.s****@s***.f*";"course-5km/0550.png";"";"";"";"";""
"794";"S*****";"T*****";"t***.s****@s***.f*";"";"course-10km/1415.png";"";"";"";""
"901";"S*****";"C*****";"c***.s****@r***.f*";"";"";"";"marche-5km/3119.png";"";""
"1526";"S*****";"F*****";"f***.s****@s***.f*";"";"";"";"marche-5km/3321.png";"";""
"570";"S*****";"T*****";"t***.s****@r***.f*";"course-5km/0254.png";"";"";"";"";""
"361";"S*****";"T*****";"t***.s****@s***.f*";"course-5km/0164.png";"course-10km/1214.png";"";"";"";""
"281";"S*****";"S*****";"s***.s****@s***.f*";"";"";"";"marche-5km/3033.png";"";""
"1499";"S*****";"C*****";"c***.s****@s***.f*";"";"course-10km/1661.png";"";"";"";""
"402";"S*****";"A*****";"a***.s****@s***.f*";"course-5km/0181.png";"";"";"";"";""
"1066";"S*****";"M*****";"m***.s****@s***.f*";"";"";"";"marche-5km/3157.png";"";""
"1187";"S*****";"L*****";"l***.s****@s***.f*";"";"";"";"";"marche-10km/4104.png";""
"1147";"S*****";"M*****";"m***.s****@s***.f*";"course-5km/0442.png";"";"";"";"";""
"620";"S*****";"N*****";"n***.s****@s***.f*";"";"course-10km/1334.png";"course-21km/2141.png";"";"";""
"55";"S*****";"A*****";"a***.s****@r***.f*";"";"";"course-21km/2015.png";"";"";""
"1363";"S*****";"S*****";"s***.g****@s***.f*";"course-5km/0531.png";"";"";"";"";""
"81";"S*****";"D*****";"d***.s****@s***.f*";"";"course-10km/1046.png";"";"";"";""
"294";"S*****";"N*****";"n***.s****@s***.f*";"";"";"";"marche-5km/3038.png";"";""
"617";"S*****";"B*****";"b***.l****@s***.f*";"";"course-10km/1333.png";"";"";"";""
"1443";"S*****";"A*****";"a***.s****@r***.f*";"course-5km/0556.png";"";"";"";"";""
"349";"S*****";"C*****";"C***.s****@s***.f*";"";"course-10km/1210.png";"";"";"";""
"1230";"S*****";"F*****";"f***.s****@s***.f*";"course-5km/0481.png";"course-10km/1583.png";"";"";"";""
"138";"S*****";"P*****";"p***.s****@s***.f*";"course-5km/0069.png";"course-10km/1079.png";"";"marche-5km/3017.png";"";""
"226";"S*****";"S*****";"s***.s****@s***.f*";"course-5km/0111.png";"course-10km/1140.png";"";"";"";""
"1396";"S*****";"A*****";"a***.s****@s***.f*";"";"course-10km/1625.png";"";"";"";""
"22";"S*****";"M*****";"M***.s****@r***.f*";"course-5km/0010.png";"course-10km/1011.png";"course-21km/2007.png";"";"";""
"52";"S*****";"P*****";"p***.s****@s***.f*";"course-5km/0023.png";"course-10km/1028.png";"";"marche-5km/3004.png";"";""
"1461";"S*****";"S*****";"s***.s****@s***.f*";"";"";"";"";"";"marche-21km/5056.png"
"1348";"S*****";"G*****";"g***.s****@s***.f*";"";"";"";"marche-5km/3237.png";"";""
"111";"S*****";"Y*****";"Y***.s****@s***.f*";"course-5km/0055.png";"";"";"marche-5km/3013.png";"";""
"6";"S*****";"R*****";"R***.s****@s***.f*";"";"";"course-21km/2003.png";"";"";""
"67";"S*****";"F*****";"f***.s****@r***.f*";"";"course-10km/1035.png";"";"";"";""
"1144";"S*****";"M*****";"m***.s****@r***.f*";"course-5km/0440.png";"";"";"";"";""
"150";"S*****";"M*****";"m***.s****@r***.f*";"";"";"";"marche-5km/3018.png";"";""
"672";"S*****";"V*****";"v***.s****@s***.f*";"course-5km/0294.png";"";"";"";"";""
"573";"S*****";"P*****";"p***.s****@s***.f*";"";"course-10km/1309.png";"";"";"";""
"423";"S*****";"C*****";"c***.s****@s***.f*";"course-5km/0190.png";"course-10km/1251.png";"";"";"";""
"1483";"S*****";"S*****";"s***.s****@r***.f*";"";"";"";"marche-5km/3294.png";"";""
"1433";"S*****";"E*****";"e***.s****@r***.f*";"course-5km/0553.png";"";"";"";"";""
"799";"S*****";"G*****";"e***.g****@r***.f*";"";"course-10km/1418.png";"";"";"";""
"227";"T*****";"S*****";"s***.t****@a***.f*";"";"course-10km/1141.png";"";"";"";""
"801";"T*****";"P*****";"p***.t****@s***.f*";"";"course-10km/1419.png";"";"";"";""
"603";"T*****";"C*****";"c***.t****@s***.f*";"course-5km/0264.png";"";"";"";"";""
"1506";"T*****";"G*****";"g***.t****@s***.f*";"";"";"";"marche-5km/3307.png";"";""
"869";"T*****";"S*****";"s***.t****@r***.f*";"course-5km/0360.png";"course-10km/1445.png";"course-21km/2177.png";"";"";""
"335";"T*****";"R*****";"r***.t****@s***.f*";"course-5km/0157.png";"course-10km/1203.png";"";"";"";""
"454";"T*****";"B*****";"b***.t****@s***.f*";"";"";"";"";"";"marche-21km/5016.png"
"198";"T*****";"C*****";"c***.t****@s***.f*";"";"course-10km/1126.png";"";"";"";""
"379";"T*****";"O*****";"o***.t****@s***.f*";"course-5km/0173.png";"course-10km/1226.png";"";"";"";""
"642";"T*****";"L*****";"l***.t****@s***.f*";"";"";"course-21km/2145.png";"";"";""
"248";"T*****";"A*****";"A***.t****@r***.f*";"";"course-10km/1158.png";"";"";"";""
"1057";"T*****";"M*****";"M***.t****@s***.f*";"";"course-10km/1518.png";"";"";"";""
"490";"T*****";"J*****";"j***.t****@s***.f*";"";"";"course-21km/2117.png";"";"";""
"1245";"T*****";"A*****";"a***.t****@s***.f*";"course-5km/0486.png";"";"";"";"";""
"1179";"T*****";"L*****";"l***.t****@k***.c*";"course-5km/0457.png";"course-10km/1569.png";"";"";"";""
"750";"T*****";"S*****";"s***.t****@s***.f*";"";"course-10km/1398.png";"";"";"";""
"1439";"T*****";"S*****";"s***.t****@s***.f*";"";"course-10km/1640.png";"";"";"";""
"1474";"T*****";"M*****";"M***.t****@r***.f*";"course-5km/0564.png";"";"";"marche-5km/3290.png";"marche-10km/4138.png";""
"591";"T*****";"S*****";"s***.t****@s***.f*";"";"";"course-21km/2136.png";"";"";""
"1423";"T*****";"D*****";"d***.t****@s***.f*";"";"";"";"marche-5km/3269.png";"";""
"871";"T*****";"C*****";"c***.t****@s***.f*";"";"";"";"marche-5km/3115.png";"";""
"1039";"T*****";"M*****";"m***.t****@r***.f*";"";"course-10km/1511.png";"";"";"";""
"495";"T*****";"N*****";"n***.t****@s***.f*";"";"course-10km/1275.png";"";"";"";""
"1441";"T*****";"V*****";"v***.t****@s***.f*";"";"course-10km/1642.png";"";"";"";""
"764";"T*****";"F*****";"F***.t****@r***.f*";"course-5km/0326.png";"";"";"";"";""
"1235";"T*****";"A*****";"a***.t****@s***.f*";"";"course-10km/1587.png";"";"";"";""
"1366";"T*****";"F*****";"f***.t****@r***.f*";"";"";"";"marche-5km/3248.png";"";""
"1458";"T*****";"H*****";"h***.t****@r***.f*";"course-5km/0560.png";"course-10km/1648.png";"";"";"";""
"503";"T*****";"M*****";"m***.t****@r***.f*";"course-5km/0224.png";"course-10km/1279.png";"";"";"";""
"87";"T*****";"O*****";"o***.t****@s***.f*";"";"";"";"marche-5km/3007.png";"marche-10km/4003.png";"marche-21km/5005.png"
"1127";"T*****";"K*****";"K***.t****@r***.f*";"";"";"course-21km/2213.png";"";"";""
"341";"T*****";"J*****";"J***.t****@s***.f*";"";"course-10km/1208.png";"";"";"";""
"212";"T*****";"C*****";"c***.t****@s***.f*";"";"course-10km/1133.png";"";"";"";""
"1493";"T*****";"S*****";"s***.t****@s***.f*";"";"";"";"marche-5km/3300.png";"";""
"521";"T*****";"M*****";"m***.t****@s***.f*";"course-5km/0232.png";"";"";"";"";""
"849";"T*****";"R*****";"r***.t****@s***.f*";"";"";"";"";"";"marche-21km/5027.png"
"602";"T*****";"C*****";"C***.t****@s***.f*";"course-5km/0263.png";"";"";"";"";""
"410";"T*****";"I*****";"i***.t****@r***.f*";"";"";"";"marche-5km/3048.png";"marche-10km/4023.png";""
"1408";"T*****";"C*****";"e***.c****@s***.f*";"course-5km/0548.png";"";"";"";"";""
"18";"T*****";"R*****";"r***.t****@r***.f*";"";"course-10km/1009.png";"";"";"";""
"500";"T*****";"H*****";"h***.t****@s***.f*";"";"";"";"";"marche-10km/4035.png";""
"745";"T*****";"T*****";"t***.t****@r***.f*";"";"course-10km/1394.png";"";"";"";""
"1009";"T*****";"L*****";"l***.t****@s***.f*";"course-5km/0407.png";"course-10km/1497.png";"";"";"";""
"169";"T*****";"J*****";"j***.t****@r***.f*";"course-5km/0080.png";"course-10km/1103.png";"";"";"";""
"391";"T*****";"E*****";"e***.t****@s***.f*";"course-5km/0177.png";"course-10km/1232.png";"";"";"";""
"949";"T*****";"T*****";"t***.t****@s***.f*";"course-5km/0388.png";"";"";"";"";"marche-21km/5036.png"
"543";"T*****";"O*****";"o***.t****@r***.f*";"";"course-10km/1298.png";"";"";"";""
"492";"T*****";"E*****";"e***.t****@r***.f*";"";"";"";"marche-5km/3058.png";"marche-10km/4034.png";"marche-21km/5019.png"
"479";"T*****";"C*****";"c***.t****@s***.f*";"course-5km/0214.png";"";"";"";"";""
"659";"T*****";"S*****";"s***.t****@s***.f*";"course-5km/0290.png";"";"";"";"";""
"983";"T*****";"W*****";"w***.t****@s***.f*";"";"course-10km/1488.png";"";"";"";""
"1480";"T*****";"F*****";"f***.t****@s***.f*";"";"course-10km/1655.png";"";"";"";""
"663";"T*****";"X*****";"x***.t****@r***.f*";"";"course-10km/1356.png";"";"";"";""
"230";"T*****";"F*****";"f***.t****@r***.f*";"";"course-10km/1144.png";"";"marche-5km/3025.png";"";""
"257";"T*****";"A*****";"A***.t****@s***.f*";"course-5km/0123.png";"course-10km/1164.png";"";"";"";""
"1138";"T*****";"S*****";"s***.t****@k***.c*";"";"course-10km/1552.png";"";"";"";""
"259";"T*****";"H*****";"h***.t****@s***.f*";"course-5km/0125.png";"course-10km/1166.png";"course-21km/2063.png";"";"";""
"413";"T*****";"A*****";"a***.t****@s***.f*";"";"";"";"";"marche-10km/4024.png";""
"816";"T*****";"C*****";"C***.t****@s***.f*";"course-5km/0343.png";"";"";"";"";""
"822";"T*****";"A*****";"a***.t****@r***.f*";"";"course-10km/1428.png";"";"";"";""
"1334";"U*****";"C*****";"c***.u****@r***.f*";"course-5km/0519.png";"";"";"";"";""
"142";"U*****";"J*****";"j***.u****@s***.f*";"";"course-10km/1083.png";"";"";"";""
"774";"V*****";"M*****";"m***.v****@s***.f*";"";"";"";"marche-5km/3090.png";"";""
"1170";"V*****";"S*****";"S***.v****@s***.f*";"";"course-10km/1564.png";"";"";"";""
"1385";"V*****";"M*****";"m***.s****@r***.f*";"course-5km/0540.png";"";"";"";"";""
"207";"V*****";"V*****";"v***.v****@r***.f*";"course-5km/0101.png";"";"";"";"";""
"1132";"V*****";"M*****";"m***.v****@s***.f*";"";"course-10km/1548.png";"";"";"";""
"175";"V*****";"L*****";"l***.v****@r***.f*";"";"course-10km/1109.png";"";"";"";""
"39";"V*****";"L*****";"l***.v****@r***.f*";"course-5km/0018.png";"";"";"";"";""
"1190";"V*****";"B*****";"b***.v****@s***.f*";"";"";"";"marche-5km/3180.png";"";""
"296";"V*****";"A*****";"a***.v****@s***.f*";"course-5km/0144.png";"course-10km/1185.png";"course-21km/2071.png";"marche-5km/3039.png";"";""
"1374";"V*****";"N*****";"N***.v****@s***.f*";"";"";"";"marche-5km/3250.png";"";""
"304";"V*****";"Y*****";"y***.v****@r***.f*";"";"course-10km/1191.png";"course-21km/2075.png";"";"";""
"970";"V*****";"S*****";"S***.v****@r***.f*";"course-5km/0393.png";"course-10km/1485.png";"course-21km/2189.png";"";"";""
"216";"V*****";"P*****";"p***.v****@r***.f*";"";"course-10km/1135.png";"";"";"";""
"1109";"V*****";"V*****";"v***.v****@s***.f*";"";"";"course-21km/2210.png";"";"";""
"50";"V*****";"M*****";"M***.v****@r***.f*";"course-5km/0022.png";"";"";"";"";""
"964";"V*****";"S*****";"s***.v****@r***.f*";"";"";"";"marche-5km/3134.png";"";""
"605";"V*****";"C*****";"c***.v****@s***.f*";"";"course-10km/1325.png";"";"";"";""
"537";"V*****";"L*****";"l***.v****@s***.f*";"";"";"course-21km/2123.png";"";"";""
"1333";"V*****";"J*****";"j***.v****@r***.f*";"course-5km/0518.png";"";"";"";"";""
"888";"V*****";"J*****";"j***.v****@s***.f*";"";"";"";"";"marche-10km/4073.png";""
"1501";"V*****";"G*****";"g***.v****@s***.f*";"";"";"";"marche-5km/3304.png";"";""
"37";"V*****";"G*****";"g***.v****@s***.f*";"course-5km/0017.png";"course-10km/1021.png";"course-21km/2012.png";"";"";""
"467";"V*****";"M*****";"m***.v****@s***.f*";"";"course-10km/1267.png";"course-21km/2112.png";"";"";""
"307";"V*****";"L*****";"l***.v****@s***.f*";"";"course-10km/1194.png";"";"";"";""
"1077";"V*****";"B*****";"b***.v****@r***.f*";"course-5km/0421.png";"";"";"";"";""
"656";"V*****";"N*****";"N***.v****@s***.f*";"";"";"";"marche-5km/3082.png";"marche-10km/4048.png";""
"1306";"V*****";"C*****";"c***.v****@s***.f*";"course-5km/0507.png";"";"";"";"";""
"1405";"V*****";"C*****";"c***.v****@s***.f*";"";"";"";"marche-5km/3262.png";"";""
"347";"V*****";"X*****";"x***.v****@s***.f*";"course-5km/0160.png";"";"";"";"";""
"432";"V*****";"F*****";"f***.v****@r***.f*";"course-5km/0192.png";"";"";"";"";""
"962";"W*****";"M*****";"m***.w****@s***.f*";"course-5km/0392.png";"";"";"";"";""
"826";"W*****";"S*****";"S***.w****@r***.f*";"";"";"course-21km/2168.png";"";"";""
"1327";"W*****";"L*****";"l***.w****@s***.f*";"course-5km/0515.png";"";"";"";"marche-10km/4119.png";""
"1382";"W*****";"P*****";"p***.w****@k***.c*";"course-5km/0539.png";"";"";"";"";""
"260";"W*****";"E*****";"e***.w****@s***.f*";"course-5km/0126.png";"";"";"";"";""
"904";"W*****";"J*****";"j***.w****@s***.f*";"course-5km/0370.png";"";"";"";"";""
"337";"W*****";"J*****";"j***@c***.s*";"";"";"course-21km/2085.png";"";"";""
"812";"W*****";"S*****";"s***.w****@r***.f*";"";"course-10km/1423.png";"";"";"";""
"1280";"W*****";"A*****";"a***.w****@r***.f*";"";"";"";"marche-5km/3209.png";"";""
"118";"Y*****";"D*****";"d***.y****@s***.f*";"";"course-10km/1065.png";"";"";"";""
"1186";"Y*****";"M*****";"m***.y****@s***.f*";"";"course-10km/1572.png";"";"";"";""
"278";"Z*****";"A*****";"a***.z****@r***.f*";"course-5km/0136.png";"course-10km/1177.png";"course-21km/2069.png";"";"";""
"939";"Z*****";"M*****";"m***.z****@s***.f*";"";"course-10km/1478.png";"";"";"";""
"1381";"Z*****";"M*****";"m***.z****@r***.f*";"";"";"";"marche-5km/3253.png";"";""
"165";"Z*****";"C*****";"c***.z****@s***.f*";"course-5km/0077.png";"course-10km/1101.png";"";"marche-5km/3020.png";"";""
"1487";"Z*****";"H*****";"h***.z****@s***.f*";"";"";"";"marche-5km/3296.png";"";""
"698";"Z*****";"S*****";"s***.z****@s***.f*";"";"course-10km/1369.png";"";"";"";""
"1071";"Z*****";"E*****";"e***.z****@r***.f*";"course-5km/0418.png";"";"";"";"";""
"453";"Z*****";"G*****";"r***.z****@s***.f*";"";"";"";"";"marche-10km/4028.png";""